from-slot.output	to-slot.input	type
INPUT.configuration#value	evaluate.load_cfg#file	UNRESOLVED
INPUT.environment#value	__main__.run#environment	UNRESOLVED
INPUT.hook-command#value	shell.entry#command	"Literal['cd ""${CLAUDE_PLUGIN_ROOT}"" && python3 -m makoto2']"
INPUT.rule-table#value	evaluate.load_rows#file	UNRESOLVED
INPUT.session-state#value	hook.sigma_read#file	UNRESOLVED
INPUT.stdin#value	shell.entry#payload	UNRESOLVED
OUTPUT.session-state#done	PROGRAM_OUTPUT#state-written	Unit
PROGRAM_INPUT#configuration	INPUT.configuration#request	Unit
PROGRAM_INPUT#environment	INPUT.environment#request	Unit
PROGRAM_INPUT#hook-command	INPUT.hook-command#request	Unit
PROGRAM_INPUT#rule-table	INPUT.rule-table#request	Unit
PROGRAM_INPUT#session-state	INPUT.session-state#request	Unit
PROGRAM_INPUT#start	shell.entry#start	Unit
PROGRAM_INPUT#stdin	INPUT.stdin#request	Unit
__init__.<module>#done	__main__.<module>#imported.package	Unit
__main__.<module>#call0.arg0	__main__.<module>.call0.sys.exit#arg0	UNRESOLVED
__main__.<module>#call0.invoke	__main__.<module>.call0.sys.exit#invoke	Unit
__main__.<module>#call1.invoke	__main__.run#invoke	Unit
__main__.<module>#done	PROGRAM_OUTPUT#done	Unit
__main__.<module>#done	shell.entry#done	Unit
__main__.<module>#import.evaluate	evaluate.<module>#start	Unit
__main__.<module>#import.hook	hook.<module>#start	Unit
__main__.<module>#import.observed	observed.<module>#start	Unit
__main__.<module>#import.package	__init__.<module>#start	Unit
__main__.<module>.call0.sys.exit#return	__main__.<module>#call0.result	UNRESOLVED
__main__.run#call0.arg0	__main__.run.call0.os.path.dirname#arg0	UNRESOLVED
__main__.run#call0.invoke	__main__.run.call0.os.path.dirname#invoke	Unit
__main__.run#call1.arg0	__main__.run.call1.os.path.abspath#arg0	UNRESOLVED
__main__.run#call1.invoke	__main__.run.call1.os.path.abspath#invoke	Unit
__main__.run#call10.arg0	hook.main#raw	UNRESOLVED
__main__.run#call10.arg1	hook.main#config	UNRESOLVED
__main__.run#call10.arg2	hook.main#rows	UNRESOLVED
__main__.run#call10.arg3	hook.main#record_fn	UNRESOLVED
__main__.run#call10.arg4	hook.main#evaluate_fn	UNRESOLVED
__main__.run#call10.invoke	hook.main#invoke	Unit
__main__.run#call11.invoke	__main__.run.call11.sys.stdin.read#invoke	Unit
__main__.run#call2.arg0	evaluate.load_cfg#path	UNRESOLVED
__main__.run#call2.invoke	evaluate.load_cfg#invoke	Unit
__main__.run#call3.arg0	__main__.run.call3.os.path.join#arg0	UNRESOLVED
__main__.run#call3.arg1	__main__.run.call3.os.path.join#arg1	str
__main__.run#call3.invoke	__main__.run.call3.os.path.join#invoke	Unit
__main__.run#call4.arg0	__main__.run.call4.os.path.expanduser#arg0	UNRESOLVED
__main__.run#call4.invoke	__main__.run.call4.os.path.expanduser#invoke	Unit
__main__.run#call5.arg0	__main__.run.call5.os.environ.get#arg0	str
__main__.run#call5.invoke	__main__.run.call5.os.environ.get#invoke	Unit
__main__.run#call6.arg0	evaluate.load_rows#path	UNRESOLVED
__main__.run#call6.arg1	evaluate.load_rows#cfg	UNRESOLVED
__main__.run#call6.invoke	evaluate.load_rows#invoke	Unit
__main__.run#call7.arg0	__main__.run.call7.os.path.join#arg0	UNRESOLVED
__main__.run#call7.arg1	__main__.run.call7.os.path.join#arg1	str
__main__.run#call7.invoke	__main__.run.call7.os.path.join#invoke	Unit
__main__.run#call8.arg0	__main__.run.call8.sys.stdout.write#arg0	UNRESOLVED
__main__.run#call8.invoke	__main__.run.call8.sys.stdout.write#invoke	Unit
__main__.run#call9.arg0	__main__.run.call9.json.dumps#arg0	UNRESOLVED
__main__.run#call9.invoke	__main__.run.call9.json.dumps#invoke	Unit
__main__.run#return	__main__.<module>#call1.result	int
__main__.run.call0.os.path.dirname#return	__main__.run#call0.result	UNRESOLVED
__main__.run.call1.os.path.abspath#return	__main__.run#call1.result	UNRESOLVED
__main__.run.call11.sys.stdin.read#return	__main__.run#call11.result	UNRESOLVED
__main__.run.call3.os.path.join#return	__main__.run#call3.result	UNRESOLVED
__main__.run.call4.os.path.expanduser#return	__main__.run#call4.result	UNRESOLVED
__main__.run.call5.os.environ.get#return	__main__.run#call5.result	UNRESOLVED
__main__.run.call7.os.path.join#return	__main__.run#call7.result	UNRESOLVED
__main__.run.call8.sys.stdout.write#return	__main__.run#call8.result	UNRESOLVED
__main__.run.call9.json.dumps#return	__main__.run#call9.result	UNRESOLVED
evaluate.<module>#call0.invoke	evaluate._load_r#invoke	Unit
evaluate.<module>#call1.arg0	evaluate.<module>.call1.frozenset#arg0	UNRESOLVED
evaluate.<module>#call1.invoke	evaluate.<module>.call1.frozenset#invoke	Unit
evaluate.<module>#call10.arg0	evaluate.<module>.call10.re.compile#arg0	str
evaluate.<module>#call10.arg1	evaluate.<module>.call10.re.compile#arg1	UNRESOLVED
evaluate.<module>#call10.invoke	evaluate.<module>.call10.re.compile#invoke	Unit
evaluate.<module>#call11.arg0	evaluate.<module>.call11.re.compile#arg0	str
evaluate.<module>#call11.arg1	evaluate.<module>.call11.re.compile#arg1	UNRESOLVED
evaluate.<module>#call11.invoke	evaluate.<module>.call11.re.compile#invoke	Unit
evaluate.<module>#call12.arg0	evaluate.<module>.call12.re.compile#arg0	str
evaluate.<module>#call12.arg1	evaluate.<module>.call12.re.compile#arg1	UNRESOLVED
evaluate.<module>#call12.invoke	evaluate.<module>.call12.re.compile#invoke	Unit
evaluate.<module>#call13.arg0	evaluate.<module>.call13.frozenset#arg0	UNRESOLVED
evaluate.<module>#call13.invoke	evaluate.<module>.call13.frozenset#invoke	Unit
evaluate.<module>#call14.arg0	evaluate.<module>.call14.re.compile#arg0	str
evaluate.<module>#call14.arg1	evaluate.<module>.call14.re.compile#arg1	UNRESOLVED
evaluate.<module>#call14.invoke	evaluate.<module>.call14.re.compile#invoke	Unit
evaluate.<module>#call15.arg0	evaluate.<module>.call15.re.compile#arg0	str
evaluate.<module>#call15.invoke	evaluate.<module>.call15.re.compile#invoke	Unit
evaluate.<module>#call16.arg0	evaluate.<module>.call16.re.compile#arg0	str
evaluate.<module>#call16.invoke	evaluate.<module>.call16.re.compile#invoke	Unit
evaluate.<module>#call17.arg0	evaluate.<module>.call17.re.compile#arg0	str
evaluate.<module>#call17.arg1	evaluate.<module>.call17.re.compile#arg1	UNRESOLVED
evaluate.<module>#call17.invoke	evaluate.<module>.call17.re.compile#invoke	Unit
evaluate.<module>#call18.arg0	evaluate.<module>.call18.re.compile#arg0	str
evaluate.<module>#call18.arg1	evaluate.<module>.call18.re.compile#arg1	UNRESOLVED
evaluate.<module>#call18.invoke	evaluate.<module>.call18.re.compile#invoke	Unit
evaluate.<module>#call19.arg0	evaluate.<module>.call19.re.compile#arg0	str
evaluate.<module>#call19.invoke	evaluate.<module>.call19.re.compile#invoke	Unit
evaluate.<module>#call2.arg0	evaluate.<module>.call2.re.compile#arg0	str
evaluate.<module>#call2.arg1	evaluate.<module>.call2.re.compile#arg1	UNRESOLVED
evaluate.<module>#call2.invoke	evaluate.<module>.call2.re.compile#invoke	Unit
evaluate.<module>#call20.arg0	evaluate.<module>.call20.re.compile#arg0	str
evaluate.<module>#call20.invoke	evaluate.<module>.call20.re.compile#invoke	Unit
evaluate.<module>#call21.arg0	evaluate.<module>.call21.re.compile#arg0	str
evaluate.<module>#call21.invoke	evaluate.<module>.call21.re.compile#invoke	Unit
evaluate.<module>#call22.arg0	evaluate.<module>.call22.re.compile#arg0	str
evaluate.<module>#call22.invoke	evaluate.<module>.call22.re.compile#invoke	Unit
evaluate.<module>#call23.arg0	evaluate.<module>.call23.re.compile#arg0	str
evaluate.<module>#call23.arg1	evaluate.<module>.call23.re.compile#arg1	UNRESOLVED
evaluate.<module>#call23.invoke	evaluate.<module>.call23.re.compile#invoke	Unit
evaluate.<module>#call24.arg0	evaluate.<module>.call24.re.compile#arg0	str
evaluate.<module>#call24.arg1	evaluate.<module>.call24.re.compile#arg1	UNRESOLVED
evaluate.<module>#call24.invoke	evaluate.<module>.call24.re.compile#invoke	Unit
evaluate.<module>#call25.arg0	evaluate.<module>.call25.re.compile#arg0	str
evaluate.<module>#call25.arg1	evaluate.<module>.call25.re.compile#arg1	UNRESOLVED
evaluate.<module>#call25.invoke	evaluate.<module>.call25.re.compile#invoke	Unit
evaluate.<module>#call26.arg0	evaluate.<module>.call26.re.compile#arg0	str
evaluate.<module>#call26.arg1	evaluate.<module>.call26.re.compile#arg1	UNRESOLVED
evaluate.<module>#call26.invoke	evaluate.<module>.call26.re.compile#invoke	Unit
evaluate.<module>#call27.arg0	evaluate.<module>.call27.re.compile#arg0	str
evaluate.<module>#call27.arg1	evaluate.<module>.call27.re.compile#arg1	UNRESOLVED
evaluate.<module>#call27.invoke	evaluate.<module>.call27.re.compile#invoke	Unit
evaluate.<module>#call28.arg0	evaluate.<module>.call28.re.compile#arg0	str
evaluate.<module>#call28.arg1	evaluate.<module>.call28.re.compile#arg1	UNRESOLVED
evaluate.<module>#call28.invoke	evaluate.<module>.call28.re.compile#invoke	Unit
evaluate.<module>#call29.arg0	evaluate.<module>.call29.re.compile#arg0	str
evaluate.<module>#call29.arg1	evaluate.<module>.call29.re.compile#arg1	UNRESOLVED
evaluate.<module>#call29.invoke	evaluate.<module>.call29.re.compile#invoke	Unit
evaluate.<module>#call3.arg0	evaluate.<module>.call3.type#arg0	NoneType
evaluate.<module>#call3.invoke	evaluate.<module>.call3.type#invoke	Unit
evaluate.<module>#call30.arg0	evaluate.<module>.call30.re.compile#arg0	str
evaluate.<module>#call30.arg1	evaluate.<module>.call30.re.compile#arg1	UNRESOLVED
evaluate.<module>#call30.invoke	evaluate.<module>.call30.re.compile#invoke	Unit
evaluate.<module>#call31.arg0	evaluate.<module>.call31.re.compile#arg0	str
evaluate.<module>#call31.arg1	evaluate.<module>.call31.re.compile#arg1	UNRESOLVED
evaluate.<module>#call31.invoke	evaluate.<module>.call31.re.compile#invoke	Unit
evaluate.<module>#call32.arg0	evaluate.<module>.call32.re.compile#arg0	str
evaluate.<module>#call32.arg1	evaluate.<module>.call32.re.compile#arg1	UNRESOLVED
evaluate.<module>#call32.invoke	evaluate.<module>.call32.re.compile#invoke	Unit
evaluate.<module>#call33.arg0	evaluate.<module>.call33.re.compile#arg0	str
evaluate.<module>#call33.arg1	evaluate.<module>.call33.re.compile#arg1	UNRESOLVED
evaluate.<module>#call33.invoke	evaluate.<module>.call33.re.compile#invoke	Unit
evaluate.<module>#call34.arg0	evaluate.<module>.call34.re.compile#arg0	str
evaluate.<module>#call34.arg1	evaluate.<module>.call34.re.compile#arg1	UNRESOLVED
evaluate.<module>#call34.invoke	evaluate.<module>.call34.re.compile#invoke	Unit
evaluate.<module>#call35.arg0	evaluate.<module>.call35.re.compile#arg0	str
evaluate.<module>#call35.arg1	evaluate.<module>.call35.re.compile#arg1	UNRESOLVED
evaluate.<module>#call35.invoke	evaluate.<module>.call35.re.compile#invoke	Unit
evaluate.<module>#call36.arg0	evaluate.<module>.call36.Spec#arg0	UNRESOLVED
evaluate.<module>#call36.invoke	evaluate.<module>.call36.Spec#invoke	Unit
evaluate.<module>#call36.kw.why	evaluate.<module>.call36.Spec#why	str
evaluate.<module>#call37.arg0	evaluate.<module>.call37.Spec#arg0	UNRESOLVED
evaluate.<module>#call37.invoke	evaluate.<module>.call37.Spec#invoke	Unit
evaluate.<module>#call37.kw.why	evaluate.<module>.call37.Spec#why	str
evaluate.<module>#call38.arg0	evaluate.<module>.call38.Spec#arg0	UNRESOLVED
evaluate.<module>#call38.invoke	evaluate.<module>.call38.Spec#invoke	Unit
evaluate.<module>#call38.kw.why	evaluate.<module>.call38.Spec#why	str
evaluate.<module>#call39.arg0	evaluate.<module>.call39.Spec#arg0	UNRESOLVED
evaluate.<module>#call39.arg1	evaluate.<module>.call39.Spec#arg1	UNRESOLVED
evaluate.<module>#call39.invoke	evaluate.<module>.call39.Spec#invoke	Unit
evaluate.<module>#call39.kw.why	evaluate.<module>.call39.Spec#why	str
evaluate.<module>#call4.arg0	evaluate.<module>.call4.re.compile#arg0	str
evaluate.<module>#call4.arg1	evaluate.<module>.call4.re.compile#arg1	UNRESOLVED
evaluate.<module>#call4.invoke	evaluate.<module>.call4.re.compile#invoke	Unit
evaluate.<module>#call40.arg0	evaluate.<module>.call40.Spec#arg0	UNRESOLVED
evaluate.<module>#call40.arg1	evaluate.<module>.call40.Spec#arg1	UNRESOLVED
evaluate.<module>#call40.invoke	evaluate.<module>.call40.Spec#invoke	Unit
evaluate.<module>#call40.kw.why	evaluate.<module>.call40.Spec#why	str
evaluate.<module>#call41.arg0	evaluate.<module>.call41.Spec#arg0	UNRESOLVED
evaluate.<module>#call41.arg1	evaluate.<module>.call41.Spec#arg1	UNRESOLVED
evaluate.<module>#call41.invoke	evaluate.<module>.call41.Spec#invoke	Unit
evaluate.<module>#call41.kw.why	evaluate.<module>.call41.Spec#why	str
evaluate.<module>#call42.arg0	evaluate.<module>.call42.Spec#arg0	UNRESOLVED
evaluate.<module>#call42.arg1	evaluate.<module>.call42.Spec#arg1	UNRESOLVED
evaluate.<module>#call42.arg2	evaluate.<module>.call42.Spec#arg2	UNRESOLVED
evaluate.<module>#call42.invoke	evaluate.<module>.call42.Spec#invoke	Unit
evaluate.<module>#call42.kw.why	evaluate.<module>.call42.Spec#why	str
evaluate.<module>#call43.arg0	evaluate.<module>.call43.Spec#arg0	UNRESOLVED
evaluate.<module>#call43.arg1	evaluate.<module>.call43.Spec#arg1	UNRESOLVED
evaluate.<module>#call43.invoke	evaluate.<module>.call43.Spec#invoke	Unit
evaluate.<module>#call43.kw.why	evaluate.<module>.call43.Spec#why	str
evaluate.<module>#call44.arg0	evaluate.<module>.call44.Spec#arg0	UNRESOLVED
evaluate.<module>#call44.arg1	evaluate.<module>.call44.Spec#arg1	UNRESOLVED
evaluate.<module>#call44.invoke	evaluate.<module>.call44.Spec#invoke	Unit
evaluate.<module>#call44.kw.why	evaluate.<module>.call44.Spec#why	str
evaluate.<module>#call45.arg0	evaluate.<module>.call45.Spec#arg0	UNRESOLVED
evaluate.<module>#call45.invoke	evaluate.<module>.call45.Spec#invoke	Unit
evaluate.<module>#call45.kw.why	evaluate.<module>.call45.Spec#why	str
evaluate.<module>#call46.arg0	evaluate.<module>.call46.Spec#arg0	UNRESOLVED
evaluate.<module>#call46.arg1	evaluate.<module>.call46.Spec#arg1	UNRESOLVED
evaluate.<module>#call46.invoke	evaluate.<module>.call46.Spec#invoke	Unit
evaluate.<module>#call46.kw.why	evaluate.<module>.call46.Spec#why	str
evaluate.<module>#call47.arg0	evaluate.<module>.call47.Spec#arg0	UNRESOLVED
evaluate.<module>#call47.arg1	evaluate.<module>.call47.Spec#arg1	UNRESOLVED
evaluate.<module>#call47.invoke	evaluate.<module>.call47.Spec#invoke	Unit
evaluate.<module>#call47.kw.why	evaluate.<module>.call47.Spec#why	str
evaluate.<module>#call48.arg0	evaluate.<module>.call48.Spec#arg0	UNRESOLVED
evaluate.<module>#call48.arg1	evaluate.<module>.call48.Spec#arg1	UNRESOLVED
evaluate.<module>#call48.invoke	evaluate.<module>.call48.Spec#invoke	Unit
evaluate.<module>#call48.kw.why	evaluate.<module>.call48.Spec#why	str
evaluate.<module>#call5.arg0	evaluate.<module>.call5.re.compile#arg0	str
evaluate.<module>#call5.arg1	evaluate.<module>.call5.re.compile#arg1	UNRESOLVED
evaluate.<module>#call5.invoke	evaluate.<module>.call5.re.compile#invoke	Unit
evaluate.<module>#call6.arg0	evaluate.<module>.call6.re.compile#arg0	str
evaluate.<module>#call6.arg1	evaluate.<module>.call6.re.compile#arg1	UNRESOLVED
evaluate.<module>#call6.invoke	evaluate.<module>.call6.re.compile#invoke	Unit
evaluate.<module>#call7.arg0	evaluate.<module>.call7.re.compile#arg0	str
evaluate.<module>#call7.arg1	evaluate.<module>.call7.re.compile#arg1	UNRESOLVED
evaluate.<module>#call7.invoke	evaluate.<module>.call7.re.compile#invoke	Unit
evaluate.<module>#call8.arg0	evaluate.<module>.call8.re.compile#arg0	str
evaluate.<module>#call8.arg1	evaluate.<module>.call8.re.compile#arg1	UNRESOLVED
evaluate.<module>#call8.invoke	evaluate.<module>.call8.re.compile#invoke	Unit
evaluate.<module>#call9.arg0	evaluate.<module>.call9.re.compile#arg0	str
evaluate.<module>#call9.arg1	evaluate.<module>.call9.re.compile#arg1	UNRESOLVED
evaluate.<module>#call9.invoke	evaluate.<module>.call9.re.compile#invoke	Unit
evaluate.<module>#done	__main__.<module>#imported.evaluate	Unit
evaluate.<module>.call1.frozenset#return	evaluate.<module>#call1.result	UNRESOLVED
evaluate.<module>.call10.re.compile#return	evaluate.<module>#call10.result	UNRESOLVED
evaluate.<module>.call11.re.compile#return	evaluate.<module>#call11.result	UNRESOLVED
evaluate.<module>.call12.re.compile#return	evaluate.<module>#call12.result	UNRESOLVED
evaluate.<module>.call13.frozenset#return	evaluate.<module>#call13.result	UNRESOLVED
evaluate.<module>.call14.re.compile#return	evaluate.<module>#call14.result	UNRESOLVED
evaluate.<module>.call15.re.compile#return	evaluate.<module>#call15.result	UNRESOLVED
evaluate.<module>.call16.re.compile#return	evaluate.<module>#call16.result	UNRESOLVED
evaluate.<module>.call17.re.compile#return	evaluate.<module>#call17.result	UNRESOLVED
evaluate.<module>.call18.re.compile#return	evaluate.<module>#call18.result	UNRESOLVED
evaluate.<module>.call19.re.compile#return	evaluate.<module>#call19.result	UNRESOLVED
evaluate.<module>.call2.re.compile#return	evaluate.<module>#call2.result	UNRESOLVED
evaluate.<module>.call20.re.compile#return	evaluate.<module>#call20.result	UNRESOLVED
evaluate.<module>.call21.re.compile#return	evaluate.<module>#call21.result	UNRESOLVED
evaluate.<module>.call22.re.compile#return	evaluate.<module>#call22.result	UNRESOLVED
evaluate.<module>.call23.re.compile#return	evaluate.<module>#call23.result	UNRESOLVED
evaluate.<module>.call24.re.compile#return	evaluate.<module>#call24.result	UNRESOLVED
evaluate.<module>.call25.re.compile#return	evaluate.<module>#call25.result	UNRESOLVED
evaluate.<module>.call26.re.compile#return	evaluate.<module>#call26.result	UNRESOLVED
evaluate.<module>.call27.re.compile#return	evaluate.<module>#call27.result	UNRESOLVED
evaluate.<module>.call28.re.compile#return	evaluate.<module>#call28.result	UNRESOLVED
evaluate.<module>.call29.re.compile#return	evaluate.<module>#call29.result	UNRESOLVED
evaluate.<module>.call3.type#return	evaluate.<module>#call3.result	UNRESOLVED
evaluate.<module>.call30.re.compile#return	evaluate.<module>#call30.result	UNRESOLVED
evaluate.<module>.call31.re.compile#return	evaluate.<module>#call31.result	UNRESOLVED
evaluate.<module>.call32.re.compile#return	evaluate.<module>#call32.result	UNRESOLVED
evaluate.<module>.call33.re.compile#return	evaluate.<module>#call33.result	UNRESOLVED
evaluate.<module>.call34.re.compile#return	evaluate.<module>#call34.result	UNRESOLVED
evaluate.<module>.call35.re.compile#return	evaluate.<module>#call35.result	UNRESOLVED
evaluate.<module>.call36.Spec#return	evaluate.<module>#call36.result	UNRESOLVED
evaluate.<module>.call37.Spec#return	evaluate.<module>#call37.result	UNRESOLVED
evaluate.<module>.call38.Spec#return	evaluate.<module>#call38.result	UNRESOLVED
evaluate.<module>.call39.Spec#return	evaluate.<module>#call39.result	UNRESOLVED
evaluate.<module>.call4.re.compile#return	evaluate.<module>#call4.result	UNRESOLVED
evaluate.<module>.call40.Spec#return	evaluate.<module>#call40.result	UNRESOLVED
evaluate.<module>.call41.Spec#return	evaluate.<module>#call41.result	UNRESOLVED
evaluate.<module>.call42.Spec#return	evaluate.<module>#call42.result	UNRESOLVED
evaluate.<module>.call43.Spec#return	evaluate.<module>#call43.result	UNRESOLVED
evaluate.<module>.call44.Spec#return	evaluate.<module>#call44.result	UNRESOLVED
evaluate.<module>.call45.Spec#return	evaluate.<module>#call45.result	UNRESOLVED
evaluate.<module>.call46.Spec#return	evaluate.<module>#call46.result	UNRESOLVED
evaluate.<module>.call47.Spec#return	evaluate.<module>#call47.result	UNRESOLVED
evaluate.<module>.call48.Spec#return	evaluate.<module>#call48.result	UNRESOLVED
evaluate.<module>.call5.re.compile#return	evaluate.<module>#call5.result	UNRESOLVED
evaluate.<module>.call6.re.compile#return	evaluate.<module>#call6.result	UNRESOLVED
evaluate.<module>.call7.re.compile#return	evaluate.<module>#call7.result	UNRESOLVED
evaluate.<module>.call8.re.compile#return	evaluate.<module>#call8.result	UNRESOLVED
evaluate.<module>.call9.re.compile#return	evaluate.<module>#call9.result	UNRESOLVED
evaluate._acts#call0.arg0	evaluate._acts.call0.set#arg0	UNRESOLVED
evaluate._acts#call0.invoke	evaluate._acts.call0.set#invoke	Unit
evaluate._acts#call1.arg0	evaluate._acts.call1.filter#arg0	NoneType
evaluate._acts#call1.arg1	evaluate._acts.call1.filter#arg1	UNRESOLVED
evaluate._acts#call1.invoke	evaluate._acts.call1.filter#invoke	Unit
evaluate._acts#call2.arg0	evaluate._acts.call2.args.get('acts', '').split#arg0	str
evaluate._acts#call2.invoke	evaluate._acts.call2.args.get('acts', '').split#invoke	Unit
evaluate._acts#call3.arg0	evaluate._acts.call3.args.get#arg0	str
evaluate._acts#call3.arg1	evaluate._acts.call3.args.get#arg1	str
evaluate._acts#call3.invoke	evaluate._acts.call3.args.get#invoke	Unit
evaluate._acts#return	evaluate._is_act#call1.result	UNRESOLVED
evaluate._acts#return	evaluate.evaluate#call4.result	UNRESOLVED
evaluate._acts.call0.set#return	evaluate._acts#call0.result	UNRESOLVED
evaluate._acts.call1.filter#return	evaluate._acts#call1.result	UNRESOLVED
evaluate._acts.call2.args.get('acts', '').split#return	evaluate._acts#call2.result	UNRESOLVED
evaluate._acts.call3.args.get#return	evaluate._acts#call3.result	UNRESOLVED
evaluate._denied#call0.arg0	evaluate._denied.call0.bool#arg0	UNRESOLVED
evaluate._denied#call0.invoke	evaluate._denied.call0.bool#invoke	Unit
evaluate._denied#call1.arg0	evaluate._denied.call1._DENIAL_RX.search#arg0	UNRESOLVED
evaluate._denied#call1.invoke	evaluate._denied.call1._DENIAL_RX.search#invoke	Unit
evaluate._denied#return	evaluate.denied_owes#call1.result	bool
evaluate._denied#return	evaluate.repeat_owes#call1.result	bool
evaluate._denied.call0.bool#return	evaluate._denied#call0.result	UNRESOLVED
evaluate._denied.call1._DENIAL_RX.search#return	evaluate._denied#call1.result	UNRESOLVED
evaluate._is_act#call0.arg0	evaluate._is_act.call0.bool#arg0	UNRESOLVED
evaluate._is_act#call0.invoke	evaluate._is_act.call0.bool#invoke	Unit
evaluate._is_act#call1.arg0	evaluate._acts#args	UNRESOLVED
evaluate._is_act#call1.invoke	evaluate._acts#invoke	Unit
evaluate._is_act#call2.arg0	evaluate._is_act.call2._R.act_kinds#arg0	UNRESOLVED
evaluate._is_act#call2.invoke	evaluate._is_act.call2._R.act_kinds#invoke	Unit
evaluate._is_act#return	evaluate.pile_owes#call2.result	bool
evaluate._is_act#return	evaluate.pile_pays#call0.result	bool
evaluate._is_act#return	evaluate.thread_owes#call1.result	bool
evaluate._is_act.call0.bool#return	evaluate._is_act#call0.result	UNRESOLVED
evaluate._is_act.call2._R.act_kinds#return	evaluate._is_act#call2.result	UNRESOLVED
evaluate._last_same_call#call0.arg0	evaluate._last_same_call.call0.event.get#arg0	str
evaluate._last_same_call#call0.invoke	evaluate._last_same_call.call0.event.get#invoke	Unit
evaluate._last_same_call#call1.arg0	evaluate._last_same_call.call1.event.get#arg0	str
evaluate._last_same_call#call1.invoke	evaluate._last_same_call.call1.event.get#invoke	Unit
evaluate._last_same_call#return	evaluate.denied_owes#call0.result	UNRESOLVED
evaluate._last_same_call#return	evaluate.repeat_owes#call0.result	UNRESOLVED
evaluate._last_same_call.call0.event.get#return	evaluate._last_same_call#call0.result	UNRESOLVED
evaluate._last_same_call.call1.event.get#return	evaluate._last_same_call#call1.result	UNRESOLVED
evaluate._load_r#call0.arg0	evaluate._load_r.call0.importlib.util.spec_from_file_location#arg0	str
evaluate._load_r#call0.arg1	evaluate._load_r.call0.importlib.util.spec_from_file_location#arg1	UNRESOLVED
evaluate._load_r#call0.invoke	evaluate._load_r.call0.importlib.util.spec_from_file_location#invoke	Unit
evaluate._load_r#call1.arg0	evaluate._load_r.call1.os.path.join#arg0	UNRESOLVED
evaluate._load_r#call1.arg1	evaluate._load_r.call1.os.path.join#arg1	str
evaluate._load_r#call1.invoke	evaluate._load_r.call1.os.path.join#invoke	Unit
evaluate._load_r#call2.arg0	evaluate._load_r.call2.os.path.dirname#arg0	UNRESOLVED
evaluate._load_r#call2.invoke	evaluate._load_r.call2.os.path.dirname#invoke	Unit
evaluate._load_r#call3.arg0	evaluate._load_r.call3.os.path.abspath#arg0	UNRESOLVED
evaluate._load_r#call3.invoke	evaluate._load_r.call3.os.path.abspath#invoke	Unit
evaluate._load_r#call4.arg0	evaluate._load_r.call4.importlib.util.module_from_spec#arg0	UNRESOLVED
evaluate._load_r#call4.invoke	evaluate._load_r.call4.importlib.util.module_from_spec#invoke	Unit
evaluate._load_r#call5.arg0	evaluate._load_r.call5.spec.loader.exec_module#arg0	UNRESOLVED
evaluate._load_r#call5.invoke	evaluate._load_r.call5.spec.loader.exec_module#invoke	Unit
evaluate._load_r#return	evaluate.<module>#call0.result	UNRESOLVED
evaluate._load_r.call0.importlib.util.spec_from_file_location#return	evaluate._load_r#call0.result	UNRESOLVED
evaluate._load_r.call1.os.path.join#return	evaluate._load_r#call1.result	UNRESOLVED
evaluate._load_r.call2.os.path.dirname#return	evaluate._load_r#call2.result	UNRESOLVED
evaluate._load_r.call3.os.path.abspath#return	evaluate._load_r#call3.result	UNRESOLVED
evaluate._load_r.call4.importlib.util.module_from_spec#return	evaluate._load_r#call4.result	UNRESOLVED
evaluate._load_r.call5.spec.loader.exec_module#return	evaluate._load_r#call5.result	UNRESOLVED
evaluate._ms#call0.arg0	evaluate._ms.call0.float#arg0	UNRESOLVED
evaluate._ms#call0.invoke	evaluate._ms.call0.float#invoke	Unit
evaluate._ms#return	evaluate._sleep_ms#call1.result	float
evaluate._ms#return	evaluate.budget_owes#call6.result	float
evaluate._ms.call0.float#return	evaluate._ms#call0.result	UNRESOLVED
evaluate._names#call0.arg0	evaluate._names.call0.path.lstrip#arg0	str
evaluate._names#call0.invoke	evaluate._names.call0.path.lstrip#invoke	Unit
evaluate._names#call1.arg0	evaluate._names.call1.set#arg0	UNRESOLVED
evaluate._names#call1.invoke	evaluate._names.call1.set#invoke	Unit
evaluate._names#call2.arg0	evaluate._names.call2.set#arg0	UNRESOLVED
evaluate._names#call2.invoke	evaluate._names.call2.set#invoke	Unit
evaluate._names#call3.arg0	evaluate._names.call3.set#arg0	UNRESOLVED
evaluate._names#call3.invoke	evaluate._names.call3.set#invoke	Unit
evaluate._names#call4.arg0	evaluate._names.call4.any#arg0	UNRESOLVED
evaluate._names#call4.invoke	evaluate._names.call4.any#invoke	Unit
evaluate._names#call5.arg0	evaluate._names.call5.x.endswith#arg0	UNRESOLVED
evaluate._names#call5.invoke	evaluate._names.call5.x.endswith#invoke	Unit
evaluate._names#return	evaluate._valid_artifact#call0.result	bool
evaluate._names#return	evaluate.landed_owes#call33.result	bool
evaluate._names#return	evaluate.read_pays.lambda@370:11#call1.result	bool
evaluate._names#return	evaluate.write_owes#call9.result	bool
evaluate._names.call0.path.lstrip#return	evaluate._names#call0.result	UNRESOLVED
evaluate._names.call1.set#return	evaluate._names#call1.result	UNRESOLVED
evaluate._names.call2.set#return	evaluate._names#call2.result	UNRESOLVED
evaluate._names.call3.set#return	evaluate._names#call3.result	UNRESOLVED
evaluate._names.call4.any#return	evaluate._names#call4.result	UNRESOLVED
evaluate._names.call5.x.endswith#return	evaluate._names#call5.result	UNRESOLVED
evaluate._norm#call0.invoke	"evaluate._norm.call0.re.sub('\\s+', ' ', s.replace('’', ""'"").replace('“', '""').replace('”', '""')).strip().lower#invoke"	Unit
evaluate._norm#call1.invoke	"evaluate._norm.call1.re.sub('\\s+', ' ', s.replace('’', ""'"").replace('“', '""').replace('”', '""')).strip#invoke"	Unit
evaluate._norm#call2.arg0	evaluate._norm.call2.re.sub#arg0	str
evaluate._norm#call2.arg1	evaluate._norm.call2.re.sub#arg1	str
evaluate._norm#call2.arg2	evaluate._norm.call2.re.sub#arg2	UNRESOLVED
evaluate._norm#call2.invoke	evaluate._norm.call2.re.sub#invoke	Unit
evaluate._norm#call3.arg0	"evaluate._norm.call3.s.replace('’', ""'"").replace('“', '""').replace#arg0"	str
evaluate._norm#call3.arg1	"evaluate._norm.call3.s.replace('’', ""'"").replace('“', '""').replace#arg1"	str
evaluate._norm#call3.invoke	"evaluate._norm.call3.s.replace('’', ""'"").replace('“', '""').replace#invoke"	Unit
evaluate._norm#call4.arg0	"evaluate._norm.call4.s.replace('’', ""'"").replace#arg0"	str
evaluate._norm#call4.arg1	"evaluate._norm.call4.s.replace('’', ""'"").replace#arg1"	str
evaluate._norm#call4.invoke	"evaluate._norm.call4.s.replace('’', ""'"").replace#invoke"	Unit
evaluate._norm#call5.arg0	evaluate._norm.call5.s.replace#arg0	str
evaluate._norm#call5.arg1	evaluate._norm.call5.s.replace#arg1	str
evaluate._norm#call5.invoke	evaluate._norm.call5.s.replace#invoke	Unit
evaluate._norm#return	evaluate._words_text#call1.result	str
evaluate._norm#return	evaluate.quote_owes#call7.result	str
evaluate._norm#return	evaluate.quote_pays#call0.result	str
evaluate._norm#return	evaluate.quote_seed#call2.result	str
"evaluate._norm.call0.re.sub('\\s+', ' ', s.replace('’', ""'"").replace('“', '""').replace('”', '""')).strip().lower#return"	evaluate._norm#call0.result	UNRESOLVED
"evaluate._norm.call1.re.sub('\\s+', ' ', s.replace('’', ""'"").replace('“', '""').replace('”', '""')).strip#return"	evaluate._norm#call1.result	UNRESOLVED
evaluate._norm.call2.re.sub#return	evaluate._norm#call2.result	UNRESOLVED
"evaluate._norm.call3.s.replace('’', ""'"").replace('“', '""').replace#return"	evaluate._norm#call3.result	UNRESOLVED
"evaluate._norm.call4.s.replace('’', ""'"").replace#return"	evaluate._norm#call4.result	UNRESOLVED
evaluate._norm.call5.s.replace#return	evaluate._norm#call5.result	UNRESOLVED
evaluate._primary#return	evaluate.landed_pays#call0.result	bool
evaluate._primary#return	evaluate.number_pays#call0.result	bool
evaluate._sentences#call0.arg0	evaluate._sentences.call0.re.split#arg0	str
evaluate._sentences#call0.arg1	evaluate._sentences.call0.re.split#arg1	str
evaluate._sentences#call0.invoke	evaluate._sentences.call0.re.split#invoke	Unit
evaluate._sentences#call1.invoke	evaluate._sentences.call1.s.strip#invoke	Unit
evaluate._sentences#return	evaluate.absence_owes#call0.result	UNRESOLVED
evaluate._sentences#return	evaluate.asks_owes#call5.result	UNRESOLVED
evaluate._sentences#return	evaluate.cost_owes#call2.result	UNRESOLVED
evaluate._sentences#return	evaluate.landed_owes#call0.result	UNRESOLVED
evaluate._sentences#return	evaluate.number_owes#call0.result	UNRESOLVED
evaluate._sentences.call0.re.split#return	evaluate._sentences#call0.result	UNRESOLVED
evaluate._sentences.call1.s.strip#return	evaluate._sentences#call1.result	UNRESOLVED
evaluate._sleep_ms#call0.arg0	evaluate._sleep_ms.call0.sum#arg0	UNRESOLVED
evaluate._sleep_ms#call0.invoke	evaluate._sleep_ms.call0.sum#invoke	Unit
evaluate._sleep_ms#call1.arg0	evaluate._ms#n	UNRESOLVED
evaluate._sleep_ms#call1.arg1	evaluate._ms#unit	UNRESOLVED
evaluate._sleep_ms#call1.invoke	evaluate._ms#invoke	Unit
evaluate._sleep_ms#call2.arg0	evaluate._sleep_ms.call2._SLEEP_RX.findall#arg0	str
evaluate._sleep_ms#call2.invoke	evaluate._sleep_ms.call2._SLEEP_RX.findall#invoke	Unit
evaluate._sleep_ms#return	evaluate.budget_owes#call17.result	float
evaluate._sleep_ms#return	evaluate.budget_owes#call29.result	float
evaluate._sleep_ms.call0.sum#return	evaluate._sleep_ms#call0.result	UNRESOLVED
evaluate._sleep_ms.call2._SLEEP_RX.findall#return	evaluate._sleep_ms#call2.result	UNRESOLVED
evaluate._strip_quoted#call0.arg0	evaluate._strip_quoted.call0.re.sub#arg0	str
evaluate._strip_quoted#call0.arg1	evaluate._strip_quoted.call0.re.sub#arg1	str
evaluate._strip_quoted#call0.arg2	evaluate._strip_quoted.call0.re.sub#arg2	str
evaluate._strip_quoted#call0.invoke	evaluate._strip_quoted.call0.re.sub#invoke	Unit
evaluate._strip_quoted#call0.kw.flags	evaluate._strip_quoted.call0.re.sub#flags	UNRESOLVED
evaluate._strip_quoted#call1.arg0	evaluate._strip_quoted.call1.re.sub#arg0	str
evaluate._strip_quoted#call1.arg1	evaluate._strip_quoted.call1.re.sub#arg1	str
evaluate._strip_quoted#call1.arg2	evaluate._strip_quoted.call1.re.sub#arg2	str
evaluate._strip_quoted#call1.invoke	evaluate._strip_quoted.call1.re.sub#invoke	Unit
evaluate._strip_quoted#call2.arg0	evaluate._strip_quoted.call2.'\n'.join#arg0	UNRESOLVED
evaluate._strip_quoted#call2.invoke	evaluate._strip_quoted.call2.'\n'.join#invoke	Unit
evaluate._strip_quoted#call3.invoke	evaluate._strip_quoted.call3.text.splitlines#invoke	Unit
evaluate._strip_quoted#call4.arg0	evaluate._strip_quoted.call4.ln.lstrip().startswith#arg0	str
evaluate._strip_quoted#call4.invoke	evaluate._strip_quoted.call4.ln.lstrip().startswith#invoke	Unit
evaluate._strip_quoted#call5.invoke	evaluate._strip_quoted.call5.ln.lstrip#invoke	Unit
evaluate._strip_quoted#call6.arg0	evaluate._strip_quoted.call6.re.sub#arg0	str
evaluate._strip_quoted#call6.arg1	evaluate._strip_quoted.call6.re.sub#arg1	str
evaluate._strip_quoted#call6.arg2	evaluate._strip_quoted.call6.re.sub#arg2	str
evaluate._strip_quoted#call6.invoke	evaluate._strip_quoted.call6.re.sub#invoke	Unit
evaluate._strip_quoted#return	evaluate.absence_owes#call1.result	str
evaluate._strip_quoted#return	evaluate.asks_owes#call0.result	str
evaluate._strip_quoted#return	evaluate.cost_owes#call0.result	str
evaluate._strip_quoted#return	evaluate.landed_owes#call1.result	str
evaluate._strip_quoted.call0.re.sub#return	evaluate._strip_quoted#call0.result	UNRESOLVED
evaluate._strip_quoted.call1.re.sub#return	evaluate._strip_quoted#call1.result	UNRESOLVED
evaluate._strip_quoted.call2.'\n'.join#return	evaluate._strip_quoted#call2.result	UNRESOLVED
evaluate._strip_quoted.call3.text.splitlines#return	evaluate._strip_quoted#call3.result	UNRESOLVED
evaluate._strip_quoted.call4.ln.lstrip().startswith#return	evaluate._strip_quoted#call4.result	UNRESOLVED
evaluate._strip_quoted.call5.ln.lstrip#return	evaluate._strip_quoted#call5.result	UNRESOLVED
evaluate._strip_quoted.call6.re.sub#return	evaluate._strip_quoted#call6.result	UNRESOLVED
evaluate._subject_words#call0.arg0	evaluate._subject_words.call0.set#arg0	UNRESOLVED
evaluate._subject_words#call0.invoke	evaluate._subject_words.call0.set#invoke	Unit
evaluate._subject_words#call1.arg0	evaluate._subject_words.call1.re.findall#arg0	str
evaluate._subject_words#call1.arg1	evaluate._subject_words.call1.re.findall#arg1	UNRESOLVED
evaluate._subject_words#call1.invoke	evaluate._subject_words.call1.re.findall#invoke	Unit
evaluate._subject_words#call2.invoke	evaluate._subject_words.call2.text.lower#invoke	Unit
evaluate._subject_words#return	evaluate.landed_owes#call11.result	UNRESOLVED
evaluate._subject_words#return	evaluate.landed_owes#call18.result	UNRESOLVED
evaluate._subject_words#return	evaluate.landed_owes#call21.result	UNRESOLVED
evaluate._subject_words#return	evaluate.landed_owes#call25.result	UNRESOLVED
evaluate._subject_words#return	evaluate.landed_owes#call58.result	UNRESOLVED
evaluate._subject_words#return	evaluate.landed_owes#call65.result	UNRESOLVED
evaluate._subject_words#return	evaluate.landed_pays.pays#call10.result	UNRESOLVED
evaluate._subject_words#return	evaluate.landed_pays.pays#call12.result	UNRESOLVED
evaluate._subject_words#return	evaluate.landed_pays.pays#call17.result	UNRESOLVED
evaluate._subject_words#return	evaluate.landed_pays.pays#call20.result	UNRESOLVED
evaluate._subject_words#return	evaluate.landed_pays.pays#call21.result	UNRESOLVED
evaluate._subject_words.call0.set#return	evaluate._subject_words#call0.result	UNRESOLVED
evaluate._subject_words.call1.re.findall#return	evaluate._subject_words#call1.result	UNRESOLVED
evaluate._subject_words.call2.text.lower#return	evaluate._subject_words#call2.result	UNRESOLVED
evaluate._target#call0.arg0	evaluate._target.call0.next#arg0	UNRESOLVED
evaluate._target#call0.arg1	evaluate._target.call0.next#arg1	str
evaluate._target#call0.invoke	evaluate._target.call0.next#invoke	Unit
evaluate._target#call1.arg0	evaluate._target.call1.str#arg0	UNRESOLVED
evaluate._target#call1.invoke	evaluate._target.call1.str#invoke	Unit
evaluate._target#call2.arg0	evaluate._target.call2.isinstance#arg0	UNRESOLVED
evaluate._target#call2.arg1	evaluate._target.call2.isinstance#arg1	UNRESOLVED
evaluate._target#call2.invoke	evaluate._target.call2.isinstance#invoke	Unit
evaluate._target#call3.arg0	evaluate._target.call3.ti.get#arg0	UNRESOLVED
evaluate._target#call3.invoke	evaluate._target.call3.ti.get#invoke	Unit
evaluate._target#return	evaluate.pile_owes#call0.result	str
evaluate._target#return	evaluate.pile_owes#call3.result	str
evaluate._target.call0.next#return	evaluate._target#call0.result	UNRESOLVED
evaluate._target.call1.str#return	evaluate._target#call1.result	UNRESOLVED
evaluate._target.call2.isinstance#return	evaluate._target#call2.result	UNRESOLVED
evaluate._target.call3.ti.get#return	evaluate._target#call3.result	UNRESOLVED
evaluate._text_of#call0.arg0	evaluate._text_of.call0._R.text_of#arg0	UNRESOLVED
evaluate._text_of#call0.invoke	evaluate._text_of.call0._R.text_of#invoke	Unit
evaluate._text_of#return	evaluate.absence_owes#call2.result	str
evaluate._text_of#return	evaluate.asks_owes#call1.result	str
evaluate._text_of#return	evaluate.cost_owes#call1.result	str
evaluate._text_of#return	evaluate.count_owes#call4.result	str
evaluate._text_of#return	evaluate.landed_owes#call2.result	str
evaluate._text_of#return	evaluate.number_owes#call1.result	str
evaluate._text_of#return	evaluate.quote_owes#call0.result	str
evaluate._text_of.call0._R.text_of#return	evaluate._text_of#call0.result	UNRESOLVED
evaluate._user_texts_of#call0.arg0	evaluate._walk_user_texts#node	UNRESOLVED
evaluate._user_texts_of#call0.arg1	evaluate._walk_user_texts#out	UNRESOLVED
evaluate._user_texts_of#call0.invoke	evaluate._walk_user_texts#invoke	Unit
evaluate._user_texts_of#call1.arg0	evaluate._user_texts_of.call1.json.loads#arg0	UNRESOLVED
evaluate._user_texts_of#call1.invoke	evaluate._user_texts_of.call1.json.loads#invoke	Unit
evaluate._user_texts_of#return	evaluate.quote_pays#call1.result	UNRESOLVED
evaluate._user_texts_of.call1.json.loads#return	evaluate._user_texts_of#call1.result	UNRESOLVED
evaluate._valid_artifact#call0.arg0	evaluate._names#o	UNRESOLVED
evaluate._valid_artifact#call0.arg1	evaluate._names#path	UNRESOLVED
evaluate._valid_artifact#call0.invoke	evaluate._names#invoke	Unit
evaluate._valid_artifact#call1.invoke	evaluate._valid_artifact.call1.str(o.input.get('content', '') if o.tool == 'Write' else o.output).strip#invoke	Unit
evaluate._valid_artifact#call10.arg0	evaluate._valid_artifact.call10.ET.fromstring#arg0	UNRESOLVED
evaluate._valid_artifact#call10.invoke	evaluate._valid_artifact.call10.ET.fromstring#invoke	Unit
evaluate._valid_artifact#call11.arg0	evaluate._valid_artifact.call11.bool#arg0	UNRESOLVED
evaluate._valid_artifact#call11.invoke	evaluate._valid_artifact.call11.bool#invoke	Unit
evaluate._valid_artifact#call12.arg0	evaluate._valid_artifact.call12.len#arg0	UNRESOLVED
evaluate._valid_artifact#call12.invoke	evaluate._valid_artifact.call12.len#invoke	Unit
evaluate._valid_artifact#call13.invoke	evaluate._valid_artifact.call13.(root.text or '').strip#invoke	Unit
evaluate._valid_artifact#call2.arg0	evaluate._valid_artifact.call2.str#arg0	UNRESOLVED
evaluate._valid_artifact#call2.invoke	evaluate._valid_artifact.call2.str#invoke	Unit
evaluate._valid_artifact#call3.arg0	evaluate._valid_artifact.call3.o.input.get#arg0	str
evaluate._valid_artifact#call3.arg1	evaluate._valid_artifact.call3.o.input.get#arg1	str
evaluate._valid_artifact#call3.invoke	evaluate._valid_artifact.call3.o.input.get#invoke	Unit
evaluate._valid_artifact#call4.arg0	evaluate._valid_artifact.call4.path.lower().endswith#arg0	str
evaluate._valid_artifact#call4.invoke	evaluate._valid_artifact.call4.path.lower().endswith#invoke	Unit
evaluate._valid_artifact#call5.invoke	evaluate._valid_artifact.call5.path.lower#invoke	Unit
evaluate._valid_artifact#call6.arg0	evaluate._valid_artifact.call6.bool#arg0	UNRESOLVED
evaluate._valid_artifact#call6.invoke	evaluate._valid_artifact.call6.bool#invoke	Unit
evaluate._valid_artifact#call7.arg0	evaluate._valid_artifact.call7.json.loads#arg0	UNRESOLVED
evaluate._valid_artifact#call7.invoke	evaluate._valid_artifact.call7.json.loads#invoke	Unit
evaluate._valid_artifact#call8.arg0	evaluate._valid_artifact.call8.path.lower().endswith#arg0	str
evaluate._valid_artifact#call8.invoke	evaluate._valid_artifact.call8.path.lower().endswith#invoke	Unit
evaluate._valid_artifact#call9.invoke	evaluate._valid_artifact.call9.path.lower#invoke	Unit
evaluate._valid_artifact#return	evaluate.landed_pays.pays#call0.result	UNRESOLVED
evaluate._valid_artifact.call1.str(o.input.get('content', '') if o.tool == 'Write' else o.output).strip#return	evaluate._valid_artifact#call1.result	UNRESOLVED
evaluate._valid_artifact.call10.ET.fromstring#return	evaluate._valid_artifact#call10.result	UNRESOLVED
evaluate._valid_artifact.call11.bool#return	evaluate._valid_artifact#call11.result	UNRESOLVED
evaluate._valid_artifact.call12.len#return	evaluate._valid_artifact#call12.result	UNRESOLVED
evaluate._valid_artifact.call13.(root.text or '').strip#return	evaluate._valid_artifact#call13.result	UNRESOLVED
evaluate._valid_artifact.call2.str#return	evaluate._valid_artifact#call2.result	UNRESOLVED
evaluate._valid_artifact.call3.o.input.get#return	evaluate._valid_artifact#call3.result	UNRESOLVED
evaluate._valid_artifact.call4.path.lower().endswith#return	evaluate._valid_artifact#call4.result	UNRESOLVED
evaluate._valid_artifact.call5.path.lower#return	evaluate._valid_artifact#call5.result	UNRESOLVED
evaluate._valid_artifact.call6.bool#return	evaluate._valid_artifact#call6.result	UNRESOLVED
evaluate._valid_artifact.call7.json.loads#return	evaluate._valid_artifact#call7.result	UNRESOLVED
evaluate._valid_artifact.call8.path.lower().endswith#return	evaluate._valid_artifact#call8.result	UNRESOLVED
evaluate._valid_artifact.call9.path.lower#return	evaluate._valid_artifact#call9.result	UNRESOLVED
evaluate._walk_user_texts#call0.arg0	evaluate._walk_user_texts.call0.isinstance#arg0	UNRESOLVED
evaluate._walk_user_texts#call0.arg1	evaluate._walk_user_texts.call0.isinstance#arg1	UNRESOLVED
evaluate._walk_user_texts#call0.invoke	evaluate._walk_user_texts.call0.isinstance#invoke	Unit
evaluate._walk_user_texts#call1.arg0	evaluate._walk_user_texts.call1.node.get#arg0	str
evaluate._walk_user_texts#call1.invoke	evaluate._walk_user_texts.call1.node.get#invoke	Unit
evaluate._walk_user_texts#call10.arg0	evaluate._walk_user_texts.call10.TypeError#arg0	UNRESOLVED
evaluate._walk_user_texts#call10.invoke	evaluate._walk_user_texts.call10.TypeError#invoke	Unit
evaluate._walk_user_texts#call11.arg0	evaluate._walk_user_texts.call11.type#arg0	UNRESOLVED
evaluate._walk_user_texts#call11.invoke	evaluate._walk_user_texts.call11.type#invoke	Unit
evaluate._walk_user_texts#call2.arg0	evaluate._walk_user_texts.call2.out.extend#arg0	UNRESOLVED
evaluate._walk_user_texts#call2.invoke	evaluate._walk_user_texts.call2.out.extend#invoke	Unit
evaluate._walk_user_texts#call3.arg0	evaluate._walk_user_texts.call3.isinstance#arg0	UNRESOLVED
evaluate._walk_user_texts#call3.arg1	evaluate._walk_user_texts.call3.isinstance#arg1	UNRESOLVED
evaluate._walk_user_texts#call3.invoke	evaluate._walk_user_texts.call3.isinstance#invoke	Unit
evaluate._walk_user_texts#call4.arg0	evaluate._walk_user_texts.call4.node.get#arg0	UNRESOLVED
evaluate._walk_user_texts#call4.invoke	evaluate._walk_user_texts.call4.node.get#invoke	Unit
evaluate._walk_user_texts#call5.invoke	evaluate._walk_user_texts.call5.node.values#invoke	Unit
evaluate._walk_user_texts#call6.arg0	evaluate._walk_user_texts#node	UNRESOLVED
evaluate._walk_user_texts#call6.arg1	evaluate._walk_user_texts#out	UNRESOLVED
evaluate._walk_user_texts#call6.invoke	evaluate._walk_user_texts#invoke	Unit
evaluate._walk_user_texts#call7.arg0	evaluate._walk_user_texts.call7.isinstance#arg0	UNRESOLVED
evaluate._walk_user_texts#call7.arg1	evaluate._walk_user_texts.call7.isinstance#arg1	UNRESOLVED
evaluate._walk_user_texts#call7.invoke	evaluate._walk_user_texts.call7.isinstance#invoke	Unit
evaluate._walk_user_texts#call8.arg0	evaluate._walk_user_texts#node	UNRESOLVED
evaluate._walk_user_texts#call8.arg1	evaluate._walk_user_texts#out	UNRESOLVED
evaluate._walk_user_texts#call8.invoke	evaluate._walk_user_texts#invoke	Unit
evaluate._walk_user_texts#call9.arg0	evaluate._walk_user_texts.call9.isinstance#arg0	UNRESOLVED
evaluate._walk_user_texts#call9.arg1	evaluate._walk_user_texts.call9.isinstance#arg1	UNRESOLVED
evaluate._walk_user_texts#call9.invoke	evaluate._walk_user_texts.call9.isinstance#invoke	Unit
evaluate._walk_user_texts#return	evaluate._user_texts_of#call0.result	UNRESOLVED
evaluate._walk_user_texts#return	evaluate._walk_user_texts#call6.result	UNRESOLVED
evaluate._walk_user_texts#return	evaluate._walk_user_texts#call8.result	UNRESOLVED
evaluate._walk_user_texts.call0.isinstance#return	evaluate._walk_user_texts#call0.result	UNRESOLVED
evaluate._walk_user_texts.call1.node.get#return	evaluate._walk_user_texts#call1.result	UNRESOLVED
evaluate._walk_user_texts.call10.TypeError#return	evaluate._walk_user_texts#call10.result	UNRESOLVED
evaluate._walk_user_texts.call11.type#return	evaluate._walk_user_texts#call11.result	UNRESOLVED
evaluate._walk_user_texts.call2.out.extend#return	evaluate._walk_user_texts#call2.result	UNRESOLVED
evaluate._walk_user_texts.call3.isinstance#return	evaluate._walk_user_texts#call3.result	UNRESOLVED
evaluate._walk_user_texts.call4.node.get#return	evaluate._walk_user_texts#call4.result	UNRESOLVED
evaluate._walk_user_texts.call5.node.values#return	evaluate._walk_user_texts#call5.result	UNRESOLVED
evaluate._walk_user_texts.call7.isinstance#return	evaluate._walk_user_texts#call7.result	UNRESOLVED
evaluate._walk_user_texts.call9.isinstance#return	evaluate._walk_user_texts#call9.result	UNRESOLVED
evaluate._words_text#call0.arg0	evaluate._words_text.call0.open#arg0	str
evaluate._words_text#call0.invoke	evaluate._words_text.call0.open#invoke	Unit
evaluate._words_text#call0.kw.encoding	evaluate._words_text.call0.open#encoding	str
evaluate._words_text#call0.kw.errors	evaluate._words_text.call0.open#errors	str
evaluate._words_text#call1.arg0	evaluate._norm#s	UNRESOLVED
evaluate._words_text#call1.invoke	evaluate._norm#invoke	Unit
evaluate._words_text#call2.invoke	evaluate._words_text.call2.fh.read#invoke	Unit
evaluate._words_text#return	evaluate.quote_seed#call0.result	str
evaluate._words_text.call0.open#return	evaluate._words_text#call0.result	UNRESOLVED
evaluate._words_text.call2.fh.read#return	evaluate._words_text#call2.result	UNRESOLVED
evaluate.absence_owes#call0.arg0	evaluate._sentences#text	UNRESOLVED
evaluate.absence_owes#call0.invoke	evaluate._sentences#invoke	Unit
evaluate.absence_owes#call1.arg0	evaluate._strip_quoted#text	UNRESOLVED
evaluate.absence_owes#call1.invoke	evaluate._strip_quoted#invoke	Unit
evaluate.absence_owes#call10.arg0	evaluate.absence_owes.call10.things.append#arg0	UNRESOLVED
evaluate.absence_owes#call10.invoke	evaluate.absence_owes.call10.things.append#invoke	Unit
evaluate.absence_owes#call11.invoke	evaluate.absence_owes.call11.raw.lower#invoke	Unit
evaluate.absence_owes#call2.arg0	evaluate._text_of#event	UNRESOLVED
evaluate.absence_owes#call2.invoke	evaluate._text_of#invoke	Unit
evaluate.absence_owes#call3.arg0	evaluate.absence_owes.call3.enumerate#arg0	UNRESOLVED
evaluate.absence_owes#call3.invoke	evaluate.absence_owes.call3.enumerate#invoke	Unit
evaluate.absence_owes#call4.arg0	evaluate.absence_owes.call4.rx.finditer#arg0	UNRESOLVED
evaluate.absence_owes#call4.invoke	evaluate.absence_owes.call4.rx.finditer#invoke	Unit
evaluate.absence_owes#call5.arg0	evaluate.absence_owes.call5._REPORTED_RX.search#arg0	UNRESOLVED
evaluate.absence_owes#call5.invoke	evaluate.absence_owes.call5._REPORTED_RX.search#invoke	Unit
evaluate.absence_owes#call6.invoke	evaluate.absence_owes.call6.m.start#invoke	Unit
evaluate.absence_owes#call7.arg0	evaluate.absence_owes.call7.m.group(1).strip#arg0	str
evaluate.absence_owes#call7.invoke	evaluate.absence_owes.call7.m.group(1).strip#invoke	Unit
evaluate.absence_owes#call8.arg0	evaluate.absence_owes.call8.m.group#arg0	int
evaluate.absence_owes#call8.invoke	evaluate.absence_owes.call8.m.group#invoke	Unit
evaluate.absence_owes#call9.arg0	evaluate.absence_owes.call9._SEARCHABLE_RX.search#arg0	UNRESOLVED
evaluate.absence_owes#call9.invoke	evaluate.absence_owes.call9._SEARCHABLE_RX.search#invoke	Unit
evaluate.absence_owes.call10.things.append#return	evaluate.absence_owes#call10.result	UNRESOLVED
evaluate.absence_owes.call11.raw.lower#return	evaluate.absence_owes#call11.result	UNRESOLVED
evaluate.absence_owes.call3.enumerate#return	evaluate.absence_owes#call3.result	UNRESOLVED
evaluate.absence_owes.call4.rx.finditer#return	evaluate.absence_owes#call4.result	UNRESOLVED
evaluate.absence_owes.call5._REPORTED_RX.search#return	evaluate.absence_owes#call5.result	UNRESOLVED
evaluate.absence_owes.call6.m.start#return	evaluate.absence_owes#call6.result	UNRESOLVED
evaluate.absence_owes.call7.m.group(1).strip#return	evaluate.absence_owes#call7.result	UNRESOLVED
evaluate.absence_owes.call8.m.group#return	evaluate.absence_owes#call8.result	UNRESOLVED
evaluate.absence_owes.call9._SEARCHABLE_RX.search#return	evaluate.absence_owes#call9.result	UNRESOLVED
evaluate.absence_pays#call0.invoke	evaluate.absence_pays.call0.(str(o.search[0]) + ' ' + str(o.search[1])).lower#invoke	Unit
evaluate.absence_pays#call1.arg0	evaluate.absence_pays.call1.str#arg0	UNRESOLVED
evaluate.absence_pays#call1.invoke	evaluate.absence_pays.call1.str#invoke	Unit
evaluate.absence_pays#call2.arg0	evaluate.absence_pays.call2.str#arg0	UNRESOLVED
evaluate.absence_pays#call2.invoke	evaluate.absence_pays.call2.str#invoke	Unit
evaluate.absence_pays.call0.(str(o.search[0]) + ' ' + str(o.search[1])).lower#return	evaluate.absence_pays#call0.result	UNRESOLVED
evaluate.absence_pays.call1.str#return	evaluate.absence_pays#call1.result	UNRESOLVED
evaluate.absence_pays.call2.str#return	evaluate.absence_pays#call2.result	UNRESOLVED
evaluate.absence_pays.lambda@288:11#call0.arg0	evaluate.absence_pays.lambda@288:11.call0.thing.rsplit#arg0	str
evaluate.absence_pays.lambda@288:11#call0.arg1	evaluate.absence_pays.lambda@288:11.call0.thing.rsplit#arg1	int
evaluate.absence_pays.lambda@288:11#call0.invoke	evaluate.absence_pays.lambda@288:11.call0.thing.rsplit#invoke	Unit
evaluate.absence_pays.lambda@288:11.call0.thing.rsplit#return	evaluate.absence_pays.lambda@288:11#call0.result	UNRESOLVED
evaluate.asks_owes#call0.arg0	evaluate._strip_quoted#text	UNRESOLVED
evaluate.asks_owes#call0.invoke	evaluate._strip_quoted#invoke	Unit
evaluate.asks_owes#call1.arg0	evaluate._text_of#event	UNRESOLVED
evaluate.asks_owes#call1.invoke	evaluate._text_of#invoke	Unit
evaluate.asks_owes#call2.arg0	evaluate.asks_owes.call2._ASK_PHRASE_RX.search#arg0	UNRESOLVED
evaluate.asks_owes#call2.invoke	evaluate.asks_owes.call2._ASK_PHRASE_RX.search#invoke	Unit
evaluate.asks_owes#call3.arg0	evaluate.asks_owes.call3.m.group#arg0	int
evaluate.asks_owes#call3.invoke	evaluate.asks_owes.call3.m.group#invoke	Unit
evaluate.asks_owes#call4.invoke	evaluate.asks_owes.call4.s.strip#invoke	Unit
evaluate.asks_owes#call5.arg0	evaluate._sentences#text	UNRESOLVED
evaluate.asks_owes#call5.invoke	evaluate._sentences#invoke	Unit
evaluate.asks_owes#call6.arg0	evaluate.asks_owes.call6.s.rstrip().endswith#arg0	str
evaluate.asks_owes#call6.invoke	evaluate.asks_owes.call6.s.rstrip().endswith#invoke	Unit
evaluate.asks_owes#call7.invoke	evaluate.asks_owes.call7.s.rstrip#invoke	Unit
evaluate.asks_owes.call2._ASK_PHRASE_RX.search#return	evaluate.asks_owes#call2.result	UNRESOLVED
evaluate.asks_owes.call3.m.group#return	evaluate.asks_owes#call3.result	UNRESOLVED
evaluate.asks_owes.call4.s.strip#return	evaluate.asks_owes#call4.result	UNRESOLVED
evaluate.asks_owes.call6.s.rstrip().endswith#return	evaluate.asks_owes#call6.result	UNRESOLVED
evaluate.asks_owes.call7.s.rstrip#return	evaluate.asks_owes#call7.result	UNRESOLVED
evaluate.budget_owes#call0.arg0	evaluate.budget_owes.call0.event.get#arg0	str
evaluate.budget_owes#call0.invoke	evaluate.budget_owes.call0.event.get#invoke	Unit
evaluate.budget_owes#call1.arg0	evaluate.budget_owes.call1.ti.get#arg0	str
evaluate.budget_owes#call1.invoke	evaluate.budget_owes.call1.ti.get#invoke	Unit
evaluate.budget_owes#call10.arg0	evaluate.budget_owes.call10.m.group#arg0	int
evaluate.budget_owes#call10.invoke	evaluate.budget_owes.call10.m.group#invoke	Unit
evaluate.budget_owes#call11.arg0	evaluate.budget_owes.call11.m.group#arg0	int
evaluate.budget_owes#call11.invoke	evaluate.budget_owes.call11.m.group#invoke	Unit
evaluate.budget_owes#call12.arg0	evaluate.budget_owes.call12.m.group#arg0	int
evaluate.budget_owes#call12.invoke	evaluate.budget_owes.call12.m.group#invoke	Unit
evaluate.budget_owes#call13.arg0	evaluate.budget_owes.call13.m.group#arg0	int
evaluate.budget_owes#call13.invoke	evaluate.budget_owes.call13.m.group#invoke	Unit
evaluate.budget_owes#call14.arg0	evaluate.budget_owes.call14.max#arg0	int
evaluate.budget_owes#call14.arg1	evaluate.budget_owes.call14.max#arg1	UNRESOLVED
evaluate.budget_owes#call14.invoke	evaluate.budget_owes.call14.max#invoke	Unit
evaluate.budget_owes#call15.arg0	evaluate.budget_owes.call15.int#arg0	UNRESOLVED
evaluate.budget_owes#call15.invoke	evaluate.budget_owes.call15.int#invoke	Unit
evaluate.budget_owes#call16.arg0	evaluate.budget_owes.call16.int#arg0	UNRESOLVED
evaluate.budget_owes#call16.invoke	evaluate.budget_owes.call16.int#invoke	Unit
evaluate.budget_owes#call17.arg0	evaluate._sleep_ms#chunk	UNRESOLVED
evaluate.budget_owes#call17.invoke	evaluate._sleep_ms#invoke	Unit
evaluate.budget_owes#call18.arg0	evaluate.budget_owes.call18.m.group#arg0	int
evaluate.budget_owes#call18.invoke	evaluate.budget_owes.call18.m.group#invoke	Unit
evaluate.budget_owes#call19.arg0	evaluate.budget_owes.call19.rest.replace#arg0	UNRESOLVED
evaluate.budget_owes#call19.arg1	evaluate.budget_owes.call19.rest.replace#arg1	str
evaluate.budget_owes#call19.invoke	evaluate.budget_owes.call19.rest.replace#invoke	Unit
evaluate.budget_owes#call2.arg0	evaluate.budget_owes.call2.str#arg0	UNRESOLVED
evaluate.budget_owes#call2.invoke	evaluate.budget_owes.call2.str#invoke	Unit
evaluate.budget_owes#call20.arg0	evaluate.budget_owes.call20.m.group#arg0	int
evaluate.budget_owes#call20.invoke	evaluate.budget_owes.call20.m.group#invoke	Unit
evaluate.budget_owes#call21.arg0	evaluate.budget_owes.call21.any#arg0	UNRESOLVED
evaluate.budget_owes#call21.invoke	evaluate.budget_owes.call21.any#invoke	Unit
evaluate.budget_owes#call22.arg0	evaluate.budget_owes.call22._SLEEP_RX.search#arg0	UNRESOLVED
evaluate.budget_owes#call22.invoke	evaluate.budget_owes.call22._SLEEP_RX.search#invoke	Unit
evaluate.budget_owes#call23.arg0	evaluate.budget_owes.call23.m.group#arg0	int
evaluate.budget_owes#call23.invoke	evaluate.budget_owes.call23.m.group#invoke	Unit
evaluate.budget_owes#call24.arg0	evaluate.budget_owes.call24._WHILE_RX.finditer#arg0	UNRESOLVED
evaluate.budget_owes#call24.invoke	evaluate.budget_owes.call24._WHILE_RX.finditer#invoke	Unit
evaluate.budget_owes#call25.arg0	evaluate.budget_owes.call25.int#arg0	UNRESOLVED
evaluate.budget_owes#call25.invoke	evaluate.budget_owes.call25.int#invoke	Unit
evaluate.budget_owes#call26.arg0	evaluate.budget_owes.call26._WHILE_RX.sub#arg0	str
evaluate.budget_owes#call26.arg1	evaluate.budget_owes.call26._WHILE_RX.sub#arg1	UNRESOLVED
evaluate.budget_owes#call26.invoke	evaluate.budget_owes.call26._WHILE_RX.sub#invoke	Unit
evaluate.budget_owes#call27.arg0	evaluate.budget_owes.call27.max#arg0	UNRESOLVED
evaluate.budget_owes#call27.invoke	evaluate.budget_owes.call27.max#invoke	Unit
evaluate.budget_owes#call28.arg0	evaluate.budget_owes.call28.max#arg0	UNRESOLVED
evaluate.budget_owes#call28.invoke	evaluate.budget_owes.call28.max#invoke	Unit
evaluate.budget_owes#call29.arg0	evaluate._sleep_ms#chunk	UNRESOLVED
evaluate.budget_owes#call29.invoke	evaluate._sleep_ms#invoke	Unit
evaluate.budget_owes#call3.arg0	evaluate.budget_owes.call3.ti.get#arg0	str
evaluate.budget_owes#call3.arg1	evaluate.budget_owes.call3.ti.get#arg1	str
evaluate.budget_owes#call3.invoke	evaluate.budget_owes.call3.ti.get#invoke	Unit
evaluate.budget_owes#call30.arg0	evaluate.budget_owes.call30.int#arg0	UNRESOLVED
evaluate.budget_owes#call30.invoke	evaluate.budget_owes.call30.int#invoke	Unit
evaluate.budget_owes#call31.arg0	evaluate.budget_owes.call31.int#arg0	UNRESOLVED
evaluate.budget_owes#call31.invoke	evaluate.budget_owes.call31.int#invoke	Unit
evaluate.budget_owes#call4.arg0	evaluate.budget_owes.call4.float#arg0	UNRESOLVED
evaluate.budget_owes#call4.invoke	evaluate.budget_owes.call4.float#invoke	Unit
evaluate.budget_owes#call5.arg0	evaluate.budget_owes.call5.ti.get#arg0	str
evaluate.budget_owes#call5.invoke	evaluate.budget_owes.call5.ti.get#invoke	Unit
evaluate.budget_owes#call6.arg0	evaluate._ms#n	UNRESOLVED
evaluate.budget_owes#call6.arg1	evaluate._ms#unit	UNRESOLVED
evaluate.budget_owes#call6.invoke	evaluate._ms#invoke	Unit
evaluate.budget_owes#call7.arg0	evaluate.budget_owes.call7.rx.findall#arg0	UNRESOLVED
evaluate.budget_owes#call7.invoke	evaluate.budget_owes.call7.rx.findall#invoke	Unit
evaluate.budget_owes#call8.arg0	evaluate.budget_owes.call8._FOR_SEQ_RX.finditer#arg0	UNRESOLVED
evaluate.budget_owes#call8.invoke	evaluate.budget_owes.call8._FOR_SEQ_RX.finditer#invoke	Unit
evaluate.budget_owes#call9.arg0	evaluate.budget_owes.call9.m.group#arg0	int
evaluate.budget_owes#call9.invoke	evaluate.budget_owes.call9.m.group#invoke	Unit
evaluate.budget_owes.call0.event.get#return	evaluate.budget_owes#call0.result	UNRESOLVED
evaluate.budget_owes.call1.ti.get#return	evaluate.budget_owes#call1.result	UNRESOLVED
evaluate.budget_owes.call10.m.group#return	evaluate.budget_owes#call10.result	UNRESOLVED
evaluate.budget_owes.call11.m.group#return	evaluate.budget_owes#call11.result	UNRESOLVED
evaluate.budget_owes.call12.m.group#return	evaluate.budget_owes#call12.result	UNRESOLVED
evaluate.budget_owes.call13.m.group#return	evaluate.budget_owes#call13.result	UNRESOLVED
evaluate.budget_owes.call14.max#return	evaluate.budget_owes#call14.result	UNRESOLVED
evaluate.budget_owes.call15.int#return	evaluate.budget_owes#call15.result	UNRESOLVED
evaluate.budget_owes.call16.int#return	evaluate.budget_owes#call16.result	UNRESOLVED
evaluate.budget_owes.call18.m.group#return	evaluate.budget_owes#call18.result	UNRESOLVED
evaluate.budget_owes.call19.rest.replace#return	evaluate.budget_owes#call19.result	UNRESOLVED
evaluate.budget_owes.call2.str#return	evaluate.budget_owes#call2.result	UNRESOLVED
evaluate.budget_owes.call20.m.group#return	evaluate.budget_owes#call20.result	UNRESOLVED
evaluate.budget_owes.call21.any#return	evaluate.budget_owes#call21.result	UNRESOLVED
evaluate.budget_owes.call22._SLEEP_RX.search#return	evaluate.budget_owes#call22.result	UNRESOLVED
evaluate.budget_owes.call23.m.group#return	evaluate.budget_owes#call23.result	UNRESOLVED
evaluate.budget_owes.call24._WHILE_RX.finditer#return	evaluate.budget_owes#call24.result	UNRESOLVED
evaluate.budget_owes.call25.int#return	evaluate.budget_owes#call25.result	UNRESOLVED
evaluate.budget_owes.call26._WHILE_RX.sub#return	evaluate.budget_owes#call26.result	UNRESOLVED
evaluate.budget_owes.call27.max#return	evaluate.budget_owes#call27.result	UNRESOLVED
evaluate.budget_owes.call28.max#return	evaluate.budget_owes#call28.result	UNRESOLVED
evaluate.budget_owes.call3.ti.get#return	evaluate.budget_owes#call3.result	UNRESOLVED
evaluate.budget_owes.call30.int#return	evaluate.budget_owes#call30.result	UNRESOLVED
evaluate.budget_owes.call31.int#return	evaluate.budget_owes#call31.result	UNRESOLVED
evaluate.budget_owes.call4.float#return	evaluate.budget_owes#call4.result	UNRESOLVED
evaluate.budget_owes.call5.ti.get#return	evaluate.budget_owes#call5.result	UNRESOLVED
evaluate.budget_owes.call7.rx.findall#return	evaluate.budget_owes#call7.result	UNRESOLVED
evaluate.budget_owes.call8._FOR_SEQ_RX.finditer#return	evaluate.budget_owes#call8.result	UNRESOLVED
evaluate.budget_owes.call9.m.group#return	evaluate.budget_owes#call9.result	UNRESOLVED
evaluate.cost_owes#call0.arg0	evaluate._strip_quoted#text	UNRESOLVED
evaluate.cost_owes#call0.invoke	evaluate._strip_quoted#invoke	Unit
evaluate.cost_owes#call1.arg0	evaluate._text_of#event	UNRESOLVED
evaluate.cost_owes#call1.invoke	evaluate._text_of#invoke	Unit
evaluate.cost_owes#call10.arg0	evaluate.cost_owes.call10.re.search#arg0	UNRESOLVED
evaluate.cost_owes#call10.arg1	evaluate.cost_owes.call10.re.search#arg1	UNRESOLVED
evaluate.cost_owes#call10.arg2	evaluate.cost_owes.call10.re.search#arg2	UNRESOLVED
evaluate.cost_owes#call10.invoke	evaluate.cost_owes.call10.re.search#invoke	Unit
evaluate.cost_owes#call11.arg0	evaluate.cost_owes.call11.float#arg0	UNRESOLVED
evaluate.cost_owes#call11.invoke	evaluate.cost_owes.call11.float#invoke	Unit
evaluate.cost_owes#call12.arg0	evaluate.cost_owes.call12.bill[1].replace('$', '').replace(',', '').replace#arg0	str
evaluate.cost_owes#call12.arg1	evaluate.cost_owes.call12.bill[1].replace('$', '').replace(',', '').replace#arg1	str
evaluate.cost_owes#call12.invoke	evaluate.cost_owes.call12.bill[1].replace('$', '').replace(',', '').replace#invoke	Unit
evaluate.cost_owes#call13.arg0	evaluate.cost_owes.call13.bill[1].replace('$', '').replace#arg0	str
evaluate.cost_owes#call13.arg1	evaluate.cost_owes.call13.bill[1].replace('$', '').replace#arg1	str
evaluate.cost_owes#call13.invoke	evaluate.cost_owes.call13.bill[1].replace('$', '').replace#invoke	Unit
evaluate.cost_owes#call14.arg0	evaluate.cost_owes.call14.bill[1].replace#arg0	str
evaluate.cost_owes#call14.arg1	evaluate.cost_owes.call14.bill[1].replace#arg1	str
evaluate.cost_owes#call14.invoke	evaluate.cost_owes.call14.bill[1].replace#invoke	Unit
evaluate.cost_owes#call15.arg0	evaluate.cost_owes.call15.any#arg0	UNRESOLVED
evaluate.cost_owes#call15.invoke	evaluate.cost_owes.call15.any#invoke	Unit
evaluate.cost_owes#call16.arg0	evaluate.cost_owes.call16.re.search#arg0	str
evaluate.cost_owes#call16.arg1	evaluate.cost_owes.call16.re.search#arg1	UNRESOLVED
evaluate.cost_owes#call16.arg2	evaluate.cost_owes.call16.re.search#arg2	UNRESOLVED
evaluate.cost_owes#call16.invoke	evaluate.cost_owes.call16.re.search#invoke	Unit
evaluate.cost_owes#call17.invoke	evaluate.cost_owes.call17.edge[1].strip().lower#invoke	Unit
evaluate.cost_owes#call18.invoke	evaluate.cost_owes.call18.edge[1].strip#invoke	Unit
evaluate.cost_owes#call2.arg0	evaluate._sentences#text	UNRESOLVED
evaluate.cost_owes#call2.invoke	evaluate._sentences#invoke	Unit
evaluate.cost_owes#call3.arg0	evaluate.cost_owes.call3._COST_CLAIM_RX.search#arg0	UNRESOLVED
evaluate.cost_owes#call3.invoke	evaluate.cost_owes.call3._COST_CLAIM_RX.search#invoke	Unit
evaluate.cost_owes#call4.arg0	evaluate.cost_owes.call4.s.rstrip().endswith#arg0	str
evaluate.cost_owes#call4.invoke	evaluate.cost_owes.call4.s.rstrip().endswith#invoke	Unit
evaluate.cost_owes#call5.invoke	evaluate.cost_owes.call5.s.rstrip#invoke	Unit
evaluate.cost_owes#call6.arg0	evaluate.cost_owes.call6.re.search#arg0	str
evaluate.cost_owes#call6.arg1	evaluate.cost_owes.call6.re.search#arg1	UNRESOLVED
evaluate.cost_owes#call6.arg2	evaluate.cost_owes.call6.re.search#arg2	UNRESOLVED
evaluate.cost_owes#call6.invoke	evaluate.cost_owes.call6.re.search#invoke	Unit
evaluate.cost_owes#call7.arg0	evaluate.cost_owes.call7.re.search#arg0	str
evaluate.cost_owes#call7.arg1	evaluate.cost_owes.call7.re.search#arg1	UNRESOLVED
evaluate.cost_owes#call7.arg2	evaluate.cost_owes.call7.re.search#arg2	UNRESOLVED
evaluate.cost_owes#call7.invoke	evaluate.cost_owes.call7.re.search#invoke	Unit
evaluate.cost_owes#call8.arg0	evaluate.cost_owes.call8.re.search#arg0	str
evaluate.cost_owes#call8.arg1	evaluate.cost_owes.call8.re.search#arg1	UNRESOLVED
evaluate.cost_owes#call8.arg2	evaluate.cost_owes.call8.re.search#arg2	UNRESOLVED
evaluate.cost_owes#call8.invoke	evaluate.cost_owes.call8.re.search#invoke	Unit
evaluate.cost_owes#call9.arg0	evaluate.cost_owes.call9.re.search#arg0	UNRESOLVED
evaluate.cost_owes#call9.arg1	evaluate.cost_owes.call9.re.search#arg1	UNRESOLVED
evaluate.cost_owes#call9.arg2	evaluate.cost_owes.call9.re.search#arg2	UNRESOLVED
evaluate.cost_owes#call9.invoke	evaluate.cost_owes.call9.re.search#invoke	Unit
evaluate.cost_owes.call10.re.search#return	evaluate.cost_owes#call10.result	UNRESOLVED
evaluate.cost_owes.call11.float#return	evaluate.cost_owes#call11.result	UNRESOLVED
evaluate.cost_owes.call12.bill[1].replace('$', '').replace(',', '').replace#return	evaluate.cost_owes#call12.result	UNRESOLVED
evaluate.cost_owes.call13.bill[1].replace('$', '').replace#return	evaluate.cost_owes#call13.result	UNRESOLVED
evaluate.cost_owes.call14.bill[1].replace#return	evaluate.cost_owes#call14.result	UNRESOLVED
evaluate.cost_owes.call15.any#return	evaluate.cost_owes#call15.result	UNRESOLVED
evaluate.cost_owes.call16.re.search#return	evaluate.cost_owes#call16.result	UNRESOLVED
evaluate.cost_owes.call17.edge[1].strip().lower#return	evaluate.cost_owes#call17.result	UNRESOLVED
evaluate.cost_owes.call18.edge[1].strip#return	evaluate.cost_owes#call18.result	UNRESOLVED
evaluate.cost_owes.call3._COST_CLAIM_RX.search#return	evaluate.cost_owes#call3.result	UNRESOLVED
evaluate.cost_owes.call4.s.rstrip().endswith#return	evaluate.cost_owes#call4.result	UNRESOLVED
evaluate.cost_owes.call5.s.rstrip#return	evaluate.cost_owes#call5.result	UNRESOLVED
evaluate.cost_owes.call6.re.search#return	evaluate.cost_owes#call6.result	UNRESOLVED
evaluate.cost_owes.call7.re.search#return	evaluate.cost_owes#call7.result	UNRESOLVED
evaluate.cost_owes.call8.re.search#return	evaluate.cost_owes#call8.result	UNRESOLVED
evaluate.cost_owes.call9.re.search#return	evaluate.cost_owes#call9.result	UNRESOLVED
evaluate.count_owes#call0.arg0	evaluate.count_owes.call0.re.compile#arg0	UNRESOLVED
evaluate.count_owes#call0.invoke	evaluate.count_owes.call0.re.compile#invoke	Unit
evaluate.count_owes#call1.arg0	evaluate.count_owes.call1.m.group(2).rstrip#arg0	str
evaluate.count_owes#call1.invoke	evaluate.count_owes.call1.m.group(2).rstrip#invoke	Unit
evaluate.count_owes#call2.arg0	evaluate.count_owes.call2.m.group#arg0	int
evaluate.count_owes#call2.invoke	evaluate.count_owes.call2.m.group#invoke	Unit
evaluate.count_owes#call3.arg0	evaluate.count_owes.call3.rx.finditer#arg0	UNRESOLVED
evaluate.count_owes#call3.invoke	evaluate.count_owes.call3.rx.finditer#invoke	Unit
evaluate.count_owes#call4.arg0	evaluate._text_of#event	UNRESOLVED
evaluate.count_owes#call4.invoke	evaluate._text_of#invoke	Unit
evaluate.count_owes.call0.re.compile#return	evaluate.count_owes#call0.result	UNRESOLVED
evaluate.count_owes.call1.m.group(2).rstrip#return	evaluate.count_owes#call1.result	UNRESOLVED
evaluate.count_owes.call2.m.group#return	evaluate.count_owes#call2.result	UNRESOLVED
evaluate.count_owes.call3.rx.finditer#return	evaluate.count_owes#call3.result	UNRESOLVED
evaluate.denied_owes#call0.arg0	evaluate._last_same_call#record	UNRESOLVED
evaluate.denied_owes#call0.arg1	evaluate._last_same_call#event	UNRESOLVED
evaluate.denied_owes#call0.invoke	evaluate._last_same_call#invoke	Unit
evaluate.denied_owes#call1.arg0	evaluate._denied#o	UNRESOLVED
evaluate.denied_owes#call1.invoke	evaluate._denied#invoke	Unit
evaluate.evaluate#call0.arg0	evaluate.evaluate.call0.event.get#arg0	str
evaluate.evaluate#call0.arg1	evaluate.evaluate.call0.event.get#arg1	str
evaluate.evaluate#call0.invoke	evaluate.evaluate.call0.event.get#invoke	Unit
evaluate.evaluate#call1.arg0	evaluate.evaluate.call1.row['moment'].split#arg0	str
evaluate.evaluate#call1.invoke	evaluate.evaluate.call1.row['moment'].split#invoke	Unit
evaluate.evaluate#call10.arg0	evaluate.evaluate.call10.str#arg0	UNRESOLVED
evaluate.evaluate#call10.invoke	evaluate.evaluate.call10.str#invoke	Unit
evaluate.evaluate#call11.arg0	evaluate.evaluate.call11.str#arg0	UNRESOLVED
evaluate.evaluate#call11.invoke	evaluate.evaluate.call11.str#invoke	Unit
evaluate.evaluate#call12.arg0	evaluate.evaluate.call12.isinstance#arg0	UNRESOLVED
evaluate.evaluate#call12.arg1	evaluate.evaluate.call12.isinstance#arg1	UNRESOLVED
evaluate.evaluate#call12.invoke	evaluate.evaluate.call12.isinstance#invoke	Unit
evaluate.evaluate#call2.arg0	evaluate.evaluate.call2.row.get#arg0	str
evaluate.evaluate#call2.invoke	evaluate.evaluate.call2.row.get#invoke	Unit
evaluate.evaluate#call3.arg0	evaluate.evaluate.call3.row.get#arg0	str
evaluate.evaluate#call3.invoke	evaluate.evaluate.call3.row.get#invoke	Unit
evaluate.evaluate#call4.arg0	evaluate._acts#args	UNRESOLVED
evaluate.evaluate#call4.invoke	evaluate._acts#invoke	Unit
evaluate.evaluate#call5.arg0	evaluate.evaluate.call5._R.act_kinds#arg0	UNRESOLVED
evaluate.evaluate#call5.invoke	evaluate.evaluate.call5._R.act_kinds#invoke	Unit
evaluate.evaluate#call6.arg0	evaluate.evaluate.call6.spec.owes#arg0	UNRESOLVED
evaluate.evaluate#call6.arg1	evaluate.evaluate.call6.spec.owes#arg1	UNRESOLVED
evaluate.evaluate#call6.arg2	evaluate.evaluate.call6.spec.owes#arg2	UNRESOLVED
evaluate.evaluate#call6.arg3	evaluate.evaluate.call6.spec.owes#arg3	UNRESOLVED
evaluate.evaluate#call6.invoke	evaluate.evaluate.call6.spec.owes#invoke	Unit
evaluate.evaluate#call7.arg0	evaluate.evaluate.call7.spec.seed#arg0	UNRESOLVED
evaluate.evaluate#call7.arg1	evaluate.evaluate.call7.spec.seed#arg1	UNRESOLVED
evaluate.evaluate#call7.arg2	evaluate.evaluate.call7.spec.seed#arg2	UNRESOLVED
evaluate.evaluate#call7.invoke	evaluate.evaluate.call7.spec.seed#invoke	Unit
evaluate.evaluate#call8.arg0	evaluate.evaluate.call8.list#arg0	UNRESOLVED
evaluate.evaluate#call8.invoke	evaluate.evaluate.call8.list#invoke	Unit
evaluate.evaluate#call9.arg0	evaluate.unwitnessed#events	UNRESOLVED
evaluate.evaluate#call9.invoke	evaluate.unwitnessed#invoke	Unit
evaluate.evaluate#call9.kw.owes	evaluate.unwitnessed#owes	UNRESOLVED
evaluate.evaluate#call9.kw.paid	evaluate.unwitnessed#paid	UNRESOLVED
evaluate.evaluate#call9.kw.pays	evaluate.unwitnessed#pays	UNRESOLVED
evaluate.evaluate.call0.event.get#return	evaluate.evaluate#call0.result	UNRESOLVED
evaluate.evaluate.call1.row['moment'].split#return	evaluate.evaluate#call1.result	UNRESOLVED
evaluate.evaluate.call10.str#return	evaluate.evaluate#call10.result	UNRESOLVED
evaluate.evaluate.call11.str#return	evaluate.evaluate#call11.result	UNRESOLVED
evaluate.evaluate.call12.isinstance#return	evaluate.evaluate#call12.result	UNRESOLVED
evaluate.evaluate.call2.row.get#return	evaluate.evaluate#call2.result	UNRESOLVED
evaluate.evaluate.call3.row.get#return	evaluate.evaluate#call3.result	UNRESOLVED
evaluate.evaluate.call5._R.act_kinds#return	evaluate.evaluate#call5.result	UNRESOLVED
evaluate.evaluate.call6.spec.owes#return	evaluate.evaluate#call6.result	UNRESOLVED
evaluate.evaluate.call7.spec.seed#return	evaluate.evaluate#call7.result	UNRESOLVED
evaluate.evaluate.call8.list#return	evaluate.evaluate#call8.result	UNRESOLVED
evaluate.evaluate.lambda@107:16#call0.arg0	evaluate.evaluate.lambda@107:16.call0._s.pays#arg0	UNRESOLVED
evaluate.evaluate.lambda@107:16#call0.arg1	evaluate.evaluate.lambda@107:16.call0._s.pays#arg1	UNRESOLVED
evaluate.evaluate.lambda@107:16#call0.arg2	evaluate.evaluate.lambda@107:16.call0._s.pays#arg2	UNRESOLVED
evaluate.evaluate.lambda@107:16#call0.invoke	evaluate.evaluate.lambda@107:16.call0._s.pays#invoke	Unit
evaluate.evaluate.lambda@107:16.call0._s.pays#return	evaluate.evaluate.lambda@107:16#call0.result	UNRESOLVED
evaluate.landed_owes#call0.arg0	evaluate._sentences#text	UNRESOLVED
evaluate.landed_owes#call0.invoke	evaluate._sentences#invoke	Unit
evaluate.landed_owes#call1.arg0	evaluate._strip_quoted#text	UNRESOLVED
evaluate.landed_owes#call1.invoke	evaluate._strip_quoted#invoke	Unit
evaluate.landed_owes#call10.arg0	evaluate.landed_owes.call10.m.group#arg0	int
evaluate.landed_owes#call10.invoke	evaluate.landed_owes.call10.m.group#invoke	Unit
evaluate.landed_owes#call11.arg0	evaluate._subject_words#text	UNRESOLVED
evaluate.landed_owes#call11.invoke	evaluate._subject_words#invoke	Unit
evaluate.landed_owes#call12.arg0	evaluate.landed_owes.call12.re.split#arg0	str
evaluate.landed_owes#call12.arg1	evaluate.landed_owes.call12.re.split#arg1	UNRESOLVED
evaluate.landed_owes#call12.invoke	evaluate.landed_owes.call12.re.split#invoke	Unit
evaluate.landed_owes#call12.kw.flags	evaluate.landed_owes.call12.re.split#flags	UNRESOLVED
evaluate.landed_owes#call13.invoke	evaluate.landed_owes.call13.m.start#invoke	Unit
evaluate.landed_owes#call14.arg0	evaluate.landed_owes.call14.set#arg0	UNRESOLVED
evaluate.landed_owes#call14.invoke	evaluate.landed_owes.call14.set#invoke	Unit
evaluate.landed_owes#call15.arg0	evaluate.landed_owes.call15.re.findall#arg0	str
evaluate.landed_owes#call15.arg1	evaluate.landed_owes.call15.re.findall#arg1	UNRESOLVED
evaluate.landed_owes#call15.invoke	evaluate.landed_owes.call15.re.findall#invoke	Unit
evaluate.landed_owes#call16.arg0	evaluate.landed_owes.call16.str#arg0	UNRESOLVED
evaluate.landed_owes#call16.invoke	evaluate.landed_owes.call16.str#invoke	Unit
evaluate.landed_owes#call17.arg0	evaluate.landed_owes.call17.o.input.get#arg0	str
evaluate.landed_owes#call17.arg1	evaluate.landed_owes.call17.o.input.get#arg1	str
evaluate.landed_owes#call17.invoke	evaluate.landed_owes.call17.o.input.get#invoke	Unit
evaluate.landed_owes#call18.arg0	evaluate._subject_words#text	UNRESOLVED
evaluate.landed_owes#call18.invoke	evaluate._subject_words#invoke	Unit
evaluate.landed_owes#call19.arg0	evaluate.landed_owes.call19.os.path.splitext#arg0	UNRESOLVED
evaluate.landed_owes#call19.invoke	evaluate.landed_owes.call19.os.path.splitext#invoke	Unit
evaluate.landed_owes#call2.arg0	evaluate._text_of#event	UNRESOLVED
evaluate.landed_owes#call2.invoke	evaluate._text_of#invoke	Unit
evaluate.landed_owes#call20.arg0	evaluate.landed_owes.call20.os.path.basename#arg0	UNRESOLVED
evaluate.landed_owes#call20.invoke	evaluate.landed_owes.call20.os.path.basename#invoke	Unit
evaluate.landed_owes#call21.arg0	evaluate._subject_words#text	UNRESOLVED
evaluate.landed_owes#call21.invoke	evaluate._subject_words#invoke	Unit
evaluate.landed_owes#call22.arg0	evaluate.landed_owes.call22.os.path.splitext#arg0	UNRESOLVED
evaluate.landed_owes#call22.invoke	evaluate.landed_owes.call22.os.path.splitext#invoke	Unit
evaluate.landed_owes#call23.arg0	evaluate.landed_owes.call23.os.path.basename#arg0	UNRESOLVED
evaluate.landed_owes#call23.invoke	evaluate.landed_owes.call23.os.path.basename#invoke	Unit
evaluate.landed_owes#call24.arg0	evaluate.landed_owes.call24.any#arg0	UNRESOLVED
evaluate.landed_owes#call24.invoke	evaluate.landed_owes.call24.any#invoke	Unit
evaluate.landed_owes#call25.arg0	evaluate._subject_words#text	UNRESOLVED
evaluate.landed_owes#call25.invoke	evaluate._subject_words#invoke	Unit
evaluate.landed_owes#call26.arg0	evaluate.landed_owes.call26.str#arg0	UNRESOLVED
evaluate.landed_owes#call26.invoke	evaluate.landed_owes.call26.str#invoke	Unit
evaluate.landed_owes#call27.arg0	evaluate.landed_owes.call27.o.input.get#arg0	str
evaluate.landed_owes#call27.arg1	evaluate.landed_owes.call27.o.input.get#arg1	str
evaluate.landed_owes#call27.invoke	evaluate.landed_owes.call27.o.input.get#invoke	Unit
evaluate.landed_owes#call28.arg0	evaluate.landed_owes.call28.' '.join#arg0	UNRESOLVED
evaluate.landed_owes#call28.invoke	evaluate.landed_owes.call28.' '.join#invoke	Unit
evaluate.landed_owes#call29.arg0	evaluate.landed_owes.call29.re.findall#arg0	str
evaluate.landed_owes#call29.arg1	evaluate.landed_owes.call29.re.findall#arg1	UNRESOLVED
evaluate.landed_owes#call29.invoke	evaluate.landed_owes.call29.re.findall#invoke	Unit
evaluate.landed_owes#call3.arg0	evaluate.landed_owes.call3.s.rstrip().endswith#arg0	str
evaluate.landed_owes#call3.invoke	evaluate.landed_owes.call3.s.rstrip().endswith#invoke	Unit
evaluate.landed_owes#call30.invoke	evaluate.landed_owes.call30.set#invoke	Unit
evaluate.landed_owes#call31.arg0	evaluate.landed_owes.call31.out.extend#arg0	UNRESOLVED
evaluate.landed_owes#call31.invoke	evaluate.landed_owes.call31.out.extend#invoke	Unit
evaluate.landed_owes#call32.arg0	evaluate.landed_owes.call32.max#arg0	UNRESOLVED
evaluate.landed_owes#call32.invoke	evaluate.landed_owes.call32.max#invoke	Unit
evaluate.landed_owes#call32.kw.default	evaluate.landed_owes.call32.max#default	UNRESOLVED
evaluate.landed_owes#call33.arg0	evaluate._names#o	UNRESOLVED
evaluate.landed_owes#call33.arg1	evaluate._names#path	UNRESOLVED
evaluate.landed_owes#call33.invoke	evaluate._names#invoke	Unit
evaluate.landed_owes#call34.arg0	evaluate.landed_owes.call34.re.search#arg0	str
evaluate.landed_owes#call34.arg1	evaluate.landed_owes.call34.re.search#arg1	UNRESOLVED
evaluate.landed_owes#call34.invoke	evaluate.landed_owes.call34.re.search#invoke	Unit
evaluate.landed_owes#call35.arg0	evaluate.landed_owes.call35.str#arg0	UNRESOLVED
evaluate.landed_owes#call35.invoke	evaluate.landed_owes.call35.str#invoke	Unit
evaluate.landed_owes#call36.arg0	evaluate.landed_owes.call36.o.input.get#arg0	str
evaluate.landed_owes#call36.arg1	evaluate.landed_owes.call36.o.input.get#arg1	str
evaluate.landed_owes#call36.invoke	evaluate.landed_owes.call36.o.input.get#invoke	Unit
evaluate.landed_owes#call37.arg0	evaluate.landed_owes.call37.sorted#arg0	UNRESOLVED
evaluate.landed_owes#call37.invoke	evaluate.landed_owes.call37.sorted#invoke	Unit
evaluate.landed_owes#call38.invoke	evaluate.landed_owes.call38.set#invoke	Unit
evaluate.landed_owes#call39.invoke	evaluate.landed_owes.call39.o.output.splitlines#invoke	Unit
evaluate.landed_owes#call4.invoke	evaluate.landed_owes.call4.s.rstrip#invoke	Unit
evaluate.landed_owes#call40.arg0	evaluate.landed_owes.call40.json.loads#arg0	UNRESOLVED
evaluate.landed_owes#call40.invoke	evaluate.landed_owes.call40.json.loads#invoke	Unit
evaluate.landed_owes#call41.arg0	evaluate.landed_owes.call41.isinstance#arg0	UNRESOLVED
evaluate.landed_owes#call41.arg1	evaluate.landed_owes.call41.isinstance#arg1	UNRESOLVED
evaluate.landed_owes#call41.invoke	evaluate.landed_owes.call41.isinstance#invoke	Unit
evaluate.landed_owes#call42.arg0	evaluate.landed_owes.call42.identifiers.update#arg0	UNRESOLVED
evaluate.landed_owes#call42.invoke	evaluate.landed_owes.call42.identifiers.update#invoke	Unit
evaluate.landed_owes#call43.arg0	evaluate.landed_owes.call43.str#arg0	UNRESOLVED
evaluate.landed_owes#call43.invoke	evaluate.landed_owes.call43.str#invoke	Unit
evaluate.landed_owes#call44.invoke	evaluate.landed_owes.call44.value.items#invoke	Unit
evaluate.landed_owes#call45.arg0	evaluate.landed_owes.call45.re.fullmatch#arg0	str
evaluate.landed_owes#call45.arg1	evaluate.landed_owes.call45.re.fullmatch#arg1	UNRESOLVED
evaluate.landed_owes#call45.arg2	evaluate.landed_owes.call45.re.fullmatch#arg2	UNRESOLVED
evaluate.landed_owes#call45.invoke	evaluate.landed_owes.call45.re.fullmatch#invoke	Unit
evaluate.landed_owes#call46.arg0	evaluate.landed_owes.call46.str#arg0	UNRESOLVED
evaluate.landed_owes#call46.invoke	evaluate.landed_owes.call46.str#invoke	Unit
evaluate.landed_owes#call47.arg0	evaluate.landed_owes.call47.identifiers.update#arg0	UNRESOLVED
evaluate.landed_owes#call47.invoke	evaluate.landed_owes.call47.identifiers.update#invoke	Unit
evaluate.landed_owes#call48.arg0	evaluate.landed_owes.call48.re.findall#arg0	str
evaluate.landed_owes#call48.arg1	evaluate.landed_owes.call48.re.findall#arg1	UNRESOLVED
evaluate.landed_owes#call48.invoke	evaluate.landed_owes.call48.re.findall#invoke	Unit
evaluate.landed_owes#call49.arg0	evaluate.landed_owes.call49.identifiers.update#arg0	UNRESOLVED
evaluate.landed_owes#call49.invoke	evaluate.landed_owes.call49.identifiers.update#invoke	Unit
evaluate.landed_owes#call5.arg0	evaluate.landed_owes.call5._SOURCE_NAMED_RX.search#arg0	UNRESOLVED
evaluate.landed_owes#call5.invoke	evaluate.landed_owes.call5._SOURCE_NAMED_RX.search#invoke	Unit
evaluate.landed_owes#call50.arg0	evaluate.landed_owes.call50.re.findall#arg0	str
evaluate.landed_owes#call50.arg1	evaluate.landed_owes.call50.re.findall#arg1	UNRESOLVED
evaluate.landed_owes#call50.arg2	evaluate.landed_owes.call50.re.findall#arg2	UNRESOLVED
evaluate.landed_owes#call50.invoke	evaluate.landed_owes.call50.re.findall#invoke	Unit
evaluate.landed_owes#call51.arg0	evaluate.landed_owes.call51.identifiers.update#arg0	UNRESOLVED
evaluate.landed_owes#call51.invoke	evaluate.landed_owes.call51.identifiers.update#invoke	Unit
evaluate.landed_owes#call52.arg0	evaluate.landed_owes.call52.str#arg0	UNRESOLVED
evaluate.landed_owes#call52.invoke	evaluate.landed_owes.call52.str#invoke	Unit
evaluate.landed_owes#call53.invoke	evaluate.landed_owes.call53.o.input.items#invoke	Unit
evaluate.landed_owes#call54.arg0	evaluate.landed_owes.call54.identifiers.update#arg0	UNRESOLVED
evaluate.landed_owes#call54.invoke	evaluate.landed_owes.call54.identifiers.update#invoke	Unit
evaluate.landed_owes#call55.arg0	evaluate.landed_owes.call55.re.findall#arg0	str
evaluate.landed_owes#call55.arg1	evaluate.landed_owes.call55.re.findall#arg1	UNRESOLVED
evaluate.landed_owes#call55.invoke	evaluate.landed_owes.call55.re.findall#invoke	Unit
evaluate.landed_owes#call56.arg0	evaluate.landed_owes.call56.set().union#arg0	UNRESOLVED
evaluate.landed_owes#call56.invoke	evaluate.landed_owes.call56.set().union#invoke	Unit
evaluate.landed_owes#call57.invoke	evaluate.landed_owes.call57.set#invoke	Unit
evaluate.landed_owes#call58.arg0	evaluate._subject_words#text	UNRESOLVED
evaluate.landed_owes#call58.invoke	evaluate._subject_words#invoke	Unit
evaluate.landed_owes#call59.invoke	evaluate.landed_owes.call59.set#invoke	Unit
evaluate.landed_owes#call6.arg0	evaluate.landed_owes.call6._CLAIM_RX.finditer#arg0	UNRESOLVED
evaluate.landed_owes#call6.invoke	evaluate.landed_owes.call6._CLAIM_RX.finditer#invoke	Unit
evaluate.landed_owes#call60.arg0	evaluate.landed_owes.call60.frozenset#arg0	UNRESOLVED
evaluate.landed_owes#call60.invoke	evaluate.landed_owes.call60.frozenset#invoke	Unit
evaluate.landed_owes#call61.arg0	evaluate.landed_owes.call61.len#arg0	UNRESOLVED
evaluate.landed_owes#call61.invoke	evaluate.landed_owes.call61.len#invoke	Unit
evaluate.landed_owes#call62.invoke	evaluate.landed_owes.call62.set#invoke	Unit
evaluate.landed_owes#call63.arg0	evaluate.landed_owes.call63.max#arg0	UNRESOLVED
evaluate.landed_owes#call63.invoke	evaluate.landed_owes.call63.max#invoke	Unit
evaluate.landed_owes#call63.kw.default	evaluate.landed_owes.call63.max#default	UNRESOLVED
evaluate.landed_owes#call64.arg0	evaluate.landed_owes.call64.any#arg0	UNRESOLVED
evaluate.landed_owes#call64.invoke	evaluate.landed_owes.call64.any#invoke	Unit
evaluate.landed_owes#call65.arg0	evaluate._subject_words#text	UNRESOLVED
evaluate.landed_owes#call65.invoke	evaluate._subject_words#invoke	Unit
evaluate.landed_owes#call66.arg0	evaluate.landed_owes.call66.re.search#arg0	str
evaluate.landed_owes#call66.arg1	evaluate.landed_owes.call66.re.search#arg1	UNRESOLVED
evaluate.landed_owes#call66.arg2	evaluate.landed_owes.call66.re.search#arg2	UNRESOLVED
evaluate.landed_owes#call66.invoke	evaluate.landed_owes.call66.re.search#invoke	Unit
evaluate.landed_owes#call67.invoke	evaluate.landed_owes.call67.o.output.splitlines#invoke	Unit
evaluate.landed_owes#call68.arg0	evaluate.landed_owes.call68.out.append#arg0	UNRESOLVED
evaluate.landed_owes#call68.invoke	evaluate.landed_owes.call68.out.append#invoke	Unit
evaluate.landed_owes#call7.arg0	evaluate.landed_owes.call7._NEG_RX.search#arg0	UNRESOLVED
evaluate.landed_owes#call7.invoke	evaluate.landed_owes.call7._NEG_RX.search#invoke	Unit
evaluate.landed_owes#call8.invoke	evaluate.landed_owes.call8.m.start#invoke	Unit
evaluate.landed_owes#call9.invoke	evaluate.landed_owes.call9.m.group(1).lower#invoke	Unit
evaluate.landed_owes.call10.m.group#return	evaluate.landed_owes#call10.result	UNRESOLVED
evaluate.landed_owes.call12.re.split#return	evaluate.landed_owes#call12.result	UNRESOLVED
evaluate.landed_owes.call13.m.start#return	evaluate.landed_owes#call13.result	UNRESOLVED
evaluate.landed_owes.call14.set#return	evaluate.landed_owes#call14.result	UNRESOLVED
evaluate.landed_owes.call15.re.findall#return	evaluate.landed_owes#call15.result	UNRESOLVED
evaluate.landed_owes.call16.str#return	evaluate.landed_owes#call16.result	UNRESOLVED
evaluate.landed_owes.call17.o.input.get#return	evaluate.landed_owes#call17.result	UNRESOLVED
evaluate.landed_owes.call19.os.path.splitext#return	evaluate.landed_owes#call19.result	UNRESOLVED
evaluate.landed_owes.call20.os.path.basename#return	evaluate.landed_owes#call20.result	UNRESOLVED
evaluate.landed_owes.call22.os.path.splitext#return	evaluate.landed_owes#call22.result	UNRESOLVED
evaluate.landed_owes.call23.os.path.basename#return	evaluate.landed_owes#call23.result	UNRESOLVED
evaluate.landed_owes.call24.any#return	evaluate.landed_owes#call24.result	UNRESOLVED
evaluate.landed_owes.call26.str#return	evaluate.landed_owes#call26.result	UNRESOLVED
evaluate.landed_owes.call27.o.input.get#return	evaluate.landed_owes#call27.result	UNRESOLVED
evaluate.landed_owes.call28.' '.join#return	evaluate.landed_owes#call28.result	UNRESOLVED
evaluate.landed_owes.call29.re.findall#return	evaluate.landed_owes#call29.result	UNRESOLVED
evaluate.landed_owes.call3.s.rstrip().endswith#return	evaluate.landed_owes#call3.result	UNRESOLVED
evaluate.landed_owes.call30.set#return	evaluate.landed_owes#call30.result	UNRESOLVED
evaluate.landed_owes.call31.out.extend#return	evaluate.landed_owes#call31.result	UNRESOLVED
evaluate.landed_owes.call32.max#return	evaluate.landed_owes#call32.result	UNRESOLVED
evaluate.landed_owes.call34.re.search#return	evaluate.landed_owes#call34.result	UNRESOLVED
evaluate.landed_owes.call35.str#return	evaluate.landed_owes#call35.result	UNRESOLVED
evaluate.landed_owes.call36.o.input.get#return	evaluate.landed_owes#call36.result	UNRESOLVED
evaluate.landed_owes.call37.sorted#return	evaluate.landed_owes#call37.result	UNRESOLVED
evaluate.landed_owes.call38.set#return	evaluate.landed_owes#call38.result	UNRESOLVED
evaluate.landed_owes.call39.o.output.splitlines#return	evaluate.landed_owes#call39.result	UNRESOLVED
evaluate.landed_owes.call4.s.rstrip#return	evaluate.landed_owes#call4.result	UNRESOLVED
evaluate.landed_owes.call40.json.loads#return	evaluate.landed_owes#call40.result	UNRESOLVED
evaluate.landed_owes.call41.isinstance#return	evaluate.landed_owes#call41.result	UNRESOLVED
evaluate.landed_owes.call42.identifiers.update#return	evaluate.landed_owes#call42.result	UNRESOLVED
evaluate.landed_owes.call43.str#return	evaluate.landed_owes#call43.result	UNRESOLVED
evaluate.landed_owes.call44.value.items#return	evaluate.landed_owes#call44.result	UNRESOLVED
evaluate.landed_owes.call45.re.fullmatch#return	evaluate.landed_owes#call45.result	UNRESOLVED
evaluate.landed_owes.call46.str#return	evaluate.landed_owes#call46.result	UNRESOLVED
evaluate.landed_owes.call47.identifiers.update#return	evaluate.landed_owes#call47.result	UNRESOLVED
evaluate.landed_owes.call48.re.findall#return	evaluate.landed_owes#call48.result	UNRESOLVED
evaluate.landed_owes.call49.identifiers.update#return	evaluate.landed_owes#call49.result	UNRESOLVED
evaluate.landed_owes.call5._SOURCE_NAMED_RX.search#return	evaluate.landed_owes#call5.result	UNRESOLVED
evaluate.landed_owes.call50.re.findall#return	evaluate.landed_owes#call50.result	UNRESOLVED
evaluate.landed_owes.call51.identifiers.update#return	evaluate.landed_owes#call51.result	UNRESOLVED
evaluate.landed_owes.call52.str#return	evaluate.landed_owes#call52.result	UNRESOLVED
evaluate.landed_owes.call53.o.input.items#return	evaluate.landed_owes#call53.result	UNRESOLVED
evaluate.landed_owes.call54.identifiers.update#return	evaluate.landed_owes#call54.result	UNRESOLVED
evaluate.landed_owes.call55.re.findall#return	evaluate.landed_owes#call55.result	UNRESOLVED
evaluate.landed_owes.call56.set().union#return	evaluate.landed_owes#call56.result	UNRESOLVED
evaluate.landed_owes.call57.set#return	evaluate.landed_owes#call57.result	UNRESOLVED
evaluate.landed_owes.call59.set#return	evaluate.landed_owes#call59.result	UNRESOLVED
evaluate.landed_owes.call6._CLAIM_RX.finditer#return	evaluate.landed_owes#call6.result	UNRESOLVED
evaluate.landed_owes.call60.frozenset#return	evaluate.landed_owes#call60.result	UNRESOLVED
evaluate.landed_owes.call61.len#return	evaluate.landed_owes#call61.result	UNRESOLVED
evaluate.landed_owes.call62.set#return	evaluate.landed_owes#call62.result	UNRESOLVED
evaluate.landed_owes.call63.max#return	evaluate.landed_owes#call63.result	UNRESOLVED
evaluate.landed_owes.call64.any#return	evaluate.landed_owes#call64.result	UNRESOLVED
evaluate.landed_owes.call66.re.search#return	evaluate.landed_owes#call66.result	UNRESOLVED
evaluate.landed_owes.call67.o.output.splitlines#return	evaluate.landed_owes#call67.result	UNRESOLVED
evaluate.landed_owes.call68.out.append#return	evaluate.landed_owes#call68.result	UNRESOLVED
evaluate.landed_owes.call7._NEG_RX.search#return	evaluate.landed_owes#call7.result	UNRESOLVED
evaluate.landed_owes.call8.m.start#return	evaluate.landed_owes#call8.result	UNRESOLVED
evaluate.landed_owes.call9.m.group(1).lower#return	evaluate.landed_owes#call9.result	UNRESOLVED
evaluate.landed_pays#call0.arg0	evaluate._primary#o	UNRESOLVED
evaluate.landed_pays#call0.invoke	evaluate._primary#invoke	Unit
evaluate.landed_pays#call1.invoke	evaluate.landed_pays.call1.o.output.strip#invoke	Unit
evaluate.landed_pays#call2.arg0	evaluate.landed_pays.call2.o.input.get#arg0	str
evaluate.landed_pays#call2.invoke	evaluate.landed_pays.call2.o.input.get#invoke	Unit
evaluate.landed_pays.call1.o.output.strip#return	evaluate.landed_pays#call1.result	UNRESOLVED
evaluate.landed_pays.call2.o.input.get#return	evaluate.landed_pays#call2.result	UNRESOLVED
evaluate.landed_pays.pays#call0.arg0	evaluate._valid_artifact#o	UNRESOLVED
evaluate.landed_pays.pays#call0.arg1	evaluate._valid_artifact#path	UNRESOLVED
evaluate.landed_pays.pays#call0.invoke	evaluate._valid_artifact#invoke	Unit
evaluate.landed_pays.pays#call1.arg0	evaluate.landed_pays.pays.call1.o.input.get#arg0	str
evaluate.landed_pays.pays#call1.invoke	evaluate.landed_pays.pays.call1.o.input.get#invoke	Unit
evaluate.landed_pays.pays#call10.arg0	evaluate._subject_words#text	UNRESOLVED
evaluate.landed_pays.pays#call10.invoke	evaluate._subject_words#invoke	Unit
evaluate.landed_pays.pays#call11.arg0	evaluate.landed_pays.pays.call11.str#arg0	UNRESOLVED
evaluate.landed_pays.pays#call11.invoke	evaluate.landed_pays.pays.call11.str#invoke	Unit
evaluate.landed_pays.pays#call12.arg0	evaluate._subject_words#text	UNRESOLVED
evaluate.landed_pays.pays#call12.invoke	evaluate._subject_words#invoke	Unit
evaluate.landed_pays.pays#call13.arg0	evaluate.landed_pays.pays.call13.json.dumps#arg0	UNRESOLVED
evaluate.landed_pays.pays#call13.invoke	evaluate.landed_pays.pays.call13.json.dumps#invoke	Unit
evaluate.landed_pays.pays#call14.arg0	evaluate.landed_pays.pays.call14.rx.search#arg0	UNRESOLVED
evaluate.landed_pays.pays#call14.invoke	evaluate.landed_pays.pays.call14.rx.search#invoke	Unit
evaluate.landed_pays.pays#call15.arg0	evaluate.landed_pays.pays.call15.str#arg0	UNRESOLVED
evaluate.landed_pays.pays#call15.invoke	evaluate.landed_pays.pays.call15.str#invoke	Unit
evaluate.landed_pays.pays#call16.invoke	evaluate.landed_pays.pays.call16.value.items#invoke	Unit
evaluate.landed_pays.pays#call17.arg0	evaluate._subject_words#text	UNRESOLVED
evaluate.landed_pays.pays#call17.invoke	evaluate._subject_words#invoke	Unit
evaluate.landed_pays.pays#call18.arg0	evaluate.landed_pays.pays.call18.re.search#arg0	str
evaluate.landed_pays.pays#call18.arg1	evaluate.landed_pays.pays.call18.re.search#arg1	UNRESOLVED
evaluate.landed_pays.pays#call18.arg2	evaluate.landed_pays.pays.call18.re.search#arg2	UNRESOLVED
evaluate.landed_pays.pays#call18.invoke	evaluate.landed_pays.pays.call18.re.search#invoke	Unit
evaluate.landed_pays.pays#call19.arg0	evaluate.landed_pays.pays.call19.rx.search#arg0	UNRESOLVED
evaluate.landed_pays.pays#call19.invoke	evaluate.landed_pays.pays.call19.rx.search#invoke	Unit
evaluate.landed_pays.pays#call2.arg0	evaluate.landed_pays.pays.call2.o.tool.endswith#arg0	str
evaluate.landed_pays.pays#call2.invoke	evaluate.landed_pays.pays.call2.o.tool.endswith#invoke	Unit
evaluate.landed_pays.pays#call20.arg0	evaluate._subject_words#text	UNRESOLVED
evaluate.landed_pays.pays#call20.invoke	evaluate._subject_words#invoke	Unit
evaluate.landed_pays.pays#call21.arg0	evaluate._subject_words#text	UNRESOLVED
evaluate.landed_pays.pays#call21.invoke	evaluate._subject_words#invoke	Unit
evaluate.landed_pays.pays#call22.arg0	evaluate.landed_pays.pays.call22.json.dumps#arg0	UNRESOLVED
evaluate.landed_pays.pays#call22.invoke	evaluate.landed_pays.pays.call22.json.dumps#invoke	Unit
evaluate.landed_pays.pays#call23.invoke	evaluate.landed_pays.pays.call23.o.input.items#invoke	Unit
evaluate.landed_pays.pays#call3.arg0	evaluate.landed_pays.pays.call3._PENDING_RX.search#arg0	UNRESOLVED
evaluate.landed_pays.pays#call3.invoke	evaluate.landed_pays.pays.call3._PENDING_RX.search#invoke	Unit
evaluate.landed_pays.pays#call4.arg0	evaluate.landed_pays.pays.call4._LANDED.get#arg0	UNRESOLVED
evaluate.landed_pays.pays#call4.arg1	evaluate.landed_pays.pays.call4._LANDED.get#arg1	UNRESOLVED
evaluate.landed_pays.pays#call4.invoke	evaluate.landed_pays.pays.call4._LANDED.get#invoke	Unit
evaluate.landed_pays.pays#call5.arg0	evaluate.landed_pays.pays.call5.re.compile#arg0	str
evaluate.landed_pays.pays#call5.arg1	evaluate.landed_pays.pays.call5.re.compile#arg1	UNRESOLVED
evaluate.landed_pays.pays#call5.invoke	evaluate.landed_pays.pays.call5.re.compile#invoke	Unit
evaluate.landed_pays.pays#call6.invoke	evaluate.landed_pays.pays.call6.o.output.splitlines#invoke	Unit
evaluate.landed_pays.pays#call7.arg0	evaluate.landed_pays.pays.call7.json.loads#arg0	UNRESOLVED
evaluate.landed_pays.pays#call7.invoke	evaluate.landed_pays.pays.call7.json.loads#invoke	Unit
evaluate.landed_pays.pays#call8.arg0	evaluate.landed_pays.pays.call8.isinstance#arg0	UNRESOLVED
evaluate.landed_pays.pays#call8.arg1	evaluate.landed_pays.pays.call8.isinstance#arg1	UNRESOLVED
evaluate.landed_pays.pays#call8.invoke	evaluate.landed_pays.pays.call8.isinstance#invoke	Unit
evaluate.landed_pays.pays#call9.arg0	evaluate.landed_pays.pays.call9.any#arg0	UNRESOLVED
evaluate.landed_pays.pays#call9.invoke	evaluate.landed_pays.pays.call9.any#invoke	Unit
evaluate.landed_pays.pays.call1.o.input.get#return	evaluate.landed_pays.pays#call1.result	UNRESOLVED
evaluate.landed_pays.pays.call11.str#return	evaluate.landed_pays.pays#call11.result	UNRESOLVED
evaluate.landed_pays.pays.call13.json.dumps#return	evaluate.landed_pays.pays#call13.result	UNRESOLVED
evaluate.landed_pays.pays.call14.rx.search#return	evaluate.landed_pays.pays#call14.result	UNRESOLVED
evaluate.landed_pays.pays.call15.str#return	evaluate.landed_pays.pays#call15.result	UNRESOLVED
evaluate.landed_pays.pays.call16.value.items#return	evaluate.landed_pays.pays#call16.result	UNRESOLVED
evaluate.landed_pays.pays.call18.re.search#return	evaluate.landed_pays.pays#call18.result	UNRESOLVED
evaluate.landed_pays.pays.call19.rx.search#return	evaluate.landed_pays.pays#call19.result	UNRESOLVED
evaluate.landed_pays.pays.call2.o.tool.endswith#return	evaluate.landed_pays.pays#call2.result	UNRESOLVED
evaluate.landed_pays.pays.call22.json.dumps#return	evaluate.landed_pays.pays#call22.result	UNRESOLVED
evaluate.landed_pays.pays.call23.o.input.items#return	evaluate.landed_pays.pays#call23.result	UNRESOLVED
evaluate.landed_pays.pays.call3._PENDING_RX.search#return	evaluate.landed_pays.pays#call3.result	UNRESOLVED
evaluate.landed_pays.pays.call4._LANDED.get#return	evaluate.landed_pays.pays#call4.result	UNRESOLVED
evaluate.landed_pays.pays.call5.re.compile#return	evaluate.landed_pays.pays#call5.result	UNRESOLVED
evaluate.landed_pays.pays.call6.o.output.splitlines#return	evaluate.landed_pays.pays#call6.result	UNRESOLVED
evaluate.landed_pays.pays.call7.json.loads#return	evaluate.landed_pays.pays#call7.result	UNRESOLVED
evaluate.landed_pays.pays.call8.isinstance#return	evaluate.landed_pays.pays#call8.result	UNRESOLVED
evaluate.landed_pays.pays.call9.any#return	evaluate.landed_pays.pays#call9.result	UNRESOLVED
evaluate.load_cfg#call0.arg0	evaluate.load_cfg.call0.open#arg0	str
evaluate.load_cfg#call0.invoke	evaluate.load_cfg.call0.open#invoke	Unit
evaluate.load_cfg#call0.kw.encoding	evaluate.load_cfg.call0.open#encoding	str
evaluate.load_cfg#call1.arg0	evaluate.load_cfg.call1.json.load#arg0	UNRESOLVED
evaluate.load_cfg#call1.invoke	evaluate.load_cfg.call1.json.load#invoke	Unit
evaluate.load_cfg#return	__main__.run#call2.result	UNRESOLVED
evaluate.load_cfg.call0.open#return	evaluate.load_cfg#call0.result	UNRESOLVED
evaluate.load_cfg.call1.json.load#return	evaluate.load_cfg#call1.result	UNRESOLVED
evaluate.load_rows#call0.arg0	evaluate.load_rows.call0.open#arg0	str
evaluate.load_rows#call0.invoke	evaluate.load_rows.call0.open#invoke	Unit
evaluate.load_rows#call0.kw.encoding	evaluate.load_rows.call0.open#encoding	str
evaluate.load_rows#call1.arg0	evaluate.load_rows.call1.ln.rstrip#arg0	str
evaluate.load_rows#call1.invoke	evaluate.load_rows.call1.ln.rstrip#invoke	Unit
evaluate.load_rows#call10.arg0	evaluate.load_rows.call10.part.partition#arg0	str
evaluate.load_rows#call10.invoke	evaluate.load_rows.call10.part.partition#invoke	Unit
evaluate.load_rows#call11.invoke	evaluate.load_rows.call11.k.strip#invoke	Unit
evaluate.load_rows#call12.invoke	evaluate.load_rows.call12.v.strip#invoke	Unit
evaluate.load_rows#call13.arg0	evaluate.load_rows.call13.out.append#arg0	UNRESOLVED
evaluate.load_rows#call13.invoke	evaluate.load_rows.call13.out.append#invoke	Unit
evaluate.load_rows#call2.invoke	evaluate.load_rows.call2.ln.strip#invoke	Unit
evaluate.load_rows#call3.arg0	evaluate.load_rows.call3.lines[0].split#arg0	str
evaluate.load_rows#call3.invoke	evaluate.load_rows.call3.lines[0].split#invoke	Unit
evaluate.load_rows#call4.arg0	evaluate.load_rows.call4.dict#arg0	UNRESOLVED
evaluate.load_rows#call4.invoke	evaluate.load_rows.call4.dict#invoke	Unit
evaluate.load_rows#call5.arg0	evaluate.load_rows.call5.zip#arg0	UNRESOLVED
evaluate.load_rows#call5.arg1	evaluate.load_rows.call5.zip#arg1	UNRESOLVED
evaluate.load_rows#call5.invoke	evaluate.load_rows.call5.zip#invoke	Unit
evaluate.load_rows#call6.arg0	evaluate.load_rows.call6.ln.split#arg0	str
evaluate.load_rows#call6.invoke	evaluate.load_rows.call6.ln.split#invoke	Unit
evaluate.load_rows#call7.arg0	evaluate.load_rows.call7.filter#arg0	NoneType
evaluate.load_rows#call7.arg1	evaluate.load_rows.call7.filter#arg1	UNRESOLVED
evaluate.load_rows#call7.invoke	evaluate.load_rows.call7.filter#invoke	Unit
evaluate.load_rows#call8.arg0	evaluate.load_rows.call8.row.get('args', '').split#arg0	str
evaluate.load_rows#call8.invoke	evaluate.load_rows.call8.row.get('args', '').split#invoke	Unit
evaluate.load_rows#call9.arg0	evaluate.load_rows.call9.row.get#arg0	str
evaluate.load_rows#call9.arg1	evaluate.load_rows.call9.row.get#arg1	str
evaluate.load_rows#call9.invoke	evaluate.load_rows.call9.row.get#invoke	Unit
evaluate.load_rows#return	__main__.run#call6.result	UNRESOLVED
evaluate.load_rows.call0.open#return	evaluate.load_rows#call0.result	UNRESOLVED
evaluate.load_rows.call1.ln.rstrip#return	evaluate.load_rows#call1.result	UNRESOLVED
evaluate.load_rows.call10.part.partition#return	evaluate.load_rows#call10.result	UNRESOLVED
evaluate.load_rows.call11.k.strip#return	evaluate.load_rows#call11.result	UNRESOLVED
evaluate.load_rows.call12.v.strip#return	evaluate.load_rows#call12.result	UNRESOLVED
evaluate.load_rows.call13.out.append#return	evaluate.load_rows#call13.result	UNRESOLVED
evaluate.load_rows.call2.ln.strip#return	evaluate.load_rows#call2.result	UNRESOLVED
evaluate.load_rows.call3.lines[0].split#return	evaluate.load_rows#call3.result	UNRESOLVED
evaluate.load_rows.call4.dict#return	evaluate.load_rows#call4.result	UNRESOLVED
evaluate.load_rows.call5.zip#return	evaluate.load_rows#call5.result	UNRESOLVED
evaluate.load_rows.call6.ln.split#return	evaluate.load_rows#call6.result	UNRESOLVED
evaluate.load_rows.call7.filter#return	evaluate.load_rows#call7.result	UNRESOLVED
evaluate.load_rows.call8.row.get('args', '').split#return	evaluate.load_rows#call8.result	UNRESOLVED
evaluate.load_rows.call9.row.get#return	evaluate.load_rows#call9.result	UNRESOLVED
evaluate.number_owes#call0.arg0	evaluate._sentences#text	UNRESOLVED
evaluate.number_owes#call0.invoke	evaluate._sentences#invoke	Unit
evaluate.number_owes#call1.arg0	evaluate._text_of#event	UNRESOLVED
evaluate.number_owes#call1.invoke	evaluate._text_of#invoke	Unit
evaluate.number_owes#call10.arg0	evaluate.number_owes.call10.re.escape#arg0	UNRESOLVED
evaluate.number_owes#call10.invoke	evaluate.number_owes.call10.re.escape#invoke	Unit
evaluate.number_owes#call2.arg0	evaluate.number_owes.call2._SOURCE_NAMED_RX.search#arg0	UNRESOLVED
evaluate.number_owes#call2.invoke	evaluate.number_owes.call2._SOURCE_NAMED_RX.search#invoke	Unit
evaluate.number_owes#call3.arg0	evaluate.number_owes.call3._NUM_RX.finditer#arg0	UNRESOLVED
evaluate.number_owes#call3.invoke	evaluate.number_owes.call3._NUM_RX.finditer#invoke	Unit
evaluate.number_owes#call4.arg0	evaluate.number_owes.call4.m.group#arg0	int
evaluate.number_owes#call4.invoke	evaluate.number_owes.call4.m.group#invoke	Unit
evaluate.number_owes#call5.arg0	evaluate.number_owes.call5.len#arg0	UNRESOLVED
evaluate.number_owes#call5.invoke	evaluate.number_owes.call5.len#invoke	Unit
evaluate.number_owes#call6.arg0	evaluate.number_owes.call6.re.sub#arg0	str
evaluate.number_owes#call6.arg1	evaluate.number_owes.call6.re.sub#arg1	str
evaluate.number_owes#call6.arg2	evaluate.number_owes.call6.re.sub#arg2	UNRESOLVED
evaluate.number_owes#call6.invoke	evaluate.number_owes.call6.re.sub#invoke	Unit
evaluate.number_owes#call7.arg0	evaluate.number_owes.call7.out.append#arg0	UNRESOLVED
evaluate.number_owes#call7.invoke	evaluate.number_owes.call7.out.append#invoke	Unit
evaluate.number_owes#call8.arg0	evaluate.number_owes.call8.any#arg0	UNRESOLVED
evaluate.number_owes#call8.invoke	evaluate.number_owes.call8.any#invoke	Unit
evaluate.number_owes#call9.arg0	evaluate.number_owes.call9.re.search#arg0	UNRESOLVED
evaluate.number_owes#call9.arg1	evaluate.number_owes.call9.re.search#arg1	UNRESOLVED
evaluate.number_owes#call9.invoke	evaluate.number_owes.call9.re.search#invoke	Unit
evaluate.number_owes.call10.re.escape#return	evaluate.number_owes#call10.result	UNRESOLVED
evaluate.number_owes.call2._SOURCE_NAMED_RX.search#return	evaluate.number_owes#call2.result	UNRESOLVED
evaluate.number_owes.call3._NUM_RX.finditer#return	evaluate.number_owes#call3.result	UNRESOLVED
evaluate.number_owes.call4.m.group#return	evaluate.number_owes#call4.result	UNRESOLVED
evaluate.number_owes.call5.len#return	evaluate.number_owes#call5.result	UNRESOLVED
evaluate.number_owes.call6.re.sub#return	evaluate.number_owes#call6.result	UNRESOLVED
evaluate.number_owes.call7.out.append#return	evaluate.number_owes#call7.result	UNRESOLVED
evaluate.number_owes.call8.any#return	evaluate.number_owes#call8.result	UNRESOLVED
evaluate.number_owes.call9.re.search#return	evaluate.number_owes#call9.result	UNRESOLVED
evaluate.number_pays#call0.arg0	evaluate._primary#o	UNRESOLVED
evaluate.number_pays#call0.invoke	evaluate._primary#invoke	Unit
evaluate.number_pays.lambda@311:11#call0.arg0	evaluate.number_pays.lambda@311:11.call0.re.search#arg0	UNRESOLVED
evaluate.number_pays.lambda@311:11#call0.arg1	evaluate.number_pays.lambda@311:11.call0.re.search#arg1	UNRESOLVED
evaluate.number_pays.lambda@311:11#call0.invoke	evaluate.number_pays.lambda@311:11.call0.re.search#invoke	Unit
evaluate.number_pays.lambda@311:11#call1.arg0	evaluate.number_pays.lambda@311:11.call1.re.escape#arg0	UNRESOLVED
evaluate.number_pays.lambda@311:11#call1.invoke	evaluate.number_pays.lambda@311:11.call1.re.escape#invoke	Unit
evaluate.number_pays.lambda@311:11.call0.re.search#return	evaluate.number_pays.lambda@311:11#call0.result	UNRESOLVED
evaluate.number_pays.lambda@311:11.call1.re.escape#return	evaluate.number_pays.lambda@311:11#call1.result	UNRESOLVED
evaluate.pile_owes#call0.arg0	evaluate._target#ti	UNRESOLVED
evaluate.pile_owes#call0.invoke	evaluate._target#invoke	Unit
evaluate.pile_owes#call1.arg0	evaluate.pile_owes.call1.event.get#arg0	str
evaluate.pile_owes#call1.invoke	evaluate.pile_owes.call1.event.get#invoke	Unit
evaluate.pile_owes#call2.arg0	evaluate._is_act#args	UNRESOLVED
evaluate.pile_owes#call2.arg1	evaluate._is_act#o	UNRESOLVED
evaluate.pile_owes#call2.invoke	evaluate._is_act#invoke	Unit
evaluate.pile_owes#call3.arg0	evaluate._target#ti	UNRESOLVED
evaluate.pile_owes#call3.invoke	evaluate._target#invoke	Unit
evaluate.pile_owes.call1.event.get#return	evaluate.pile_owes#call1.result	UNRESOLVED
evaluate.pile_pays#call0.arg0	evaluate._is_act#args	UNRESOLVED
evaluate.pile_pays#call0.arg1	evaluate._is_act#o	UNRESOLVED
evaluate.pile_pays#call0.invoke	evaluate._is_act#invoke	Unit
evaluate.quote_owes#call0.arg0	evaluate._text_of#event	UNRESOLVED
evaluate.quote_owes#call0.invoke	evaluate._text_of#invoke	Unit
evaluate.quote_owes#call1.arg0	evaluate.quote_owes.call1._ATTRIB_RX.finditer#arg0	UNRESOLVED
evaluate.quote_owes#call1.invoke	evaluate.quote_owes.call1._ATTRIB_RX.finditer#invoke	Unit
evaluate.quote_owes#call10.arg0	evaluate.quote_owes.call10.len#arg0	UNRESOLVED
evaluate.quote_owes#call10.invoke	evaluate.quote_owes.call10.len#invoke	Unit
evaluate.quote_owes#call11.arg0	evaluate.quote_owes.call11.out.append#arg0	UNRESOLVED
evaluate.quote_owes#call11.invoke	evaluate.quote_owes.call11.out.append#invoke	Unit
evaluate.quote_owes#call2.arg0	evaluate.quote_owes.call2._QUOTE_RX.search#arg0	UNRESOLVED
evaluate.quote_owes#call2.invoke	evaluate.quote_owes.call2._QUOTE_RX.search#invoke	Unit
evaluate.quote_owes#call3.invoke	evaluate.quote_owes.call3.a.end#invoke	Unit
evaluate.quote_owes#call4.invoke	evaluate.quote_owes.call4.a.end#invoke	Unit
evaluate.quote_owes#call5.invoke	evaluate.quote_owes.call5.q.start#invoke	Unit
evaluate.quote_owes#call6.arg0	evaluate.quote_owes.call6._norm(q.group(1) or q.group(2) or '').strip#arg0	str
evaluate.quote_owes#call6.invoke	evaluate.quote_owes.call6._norm(q.group(1) or q.group(2) or '').strip#invoke	Unit
evaluate.quote_owes#call7.arg0	evaluate._norm#s	UNRESOLVED
evaluate.quote_owes#call7.invoke	evaluate._norm#invoke	Unit
evaluate.quote_owes#call8.arg0	evaluate.quote_owes.call8.q.group#arg0	int
evaluate.quote_owes#call8.invoke	evaluate.quote_owes.call8.q.group#invoke	Unit
evaluate.quote_owes#call9.arg0	evaluate.quote_owes.call9.q.group#arg0	int
evaluate.quote_owes#call9.invoke	evaluate.quote_owes.call9.q.group#invoke	Unit
evaluate.quote_owes.call1._ATTRIB_RX.finditer#return	evaluate.quote_owes#call1.result	UNRESOLVED
evaluate.quote_owes.call10.len#return	evaluate.quote_owes#call10.result	UNRESOLVED
evaluate.quote_owes.call11.out.append#return	evaluate.quote_owes#call11.result	UNRESOLVED
evaluate.quote_owes.call2._QUOTE_RX.search#return	evaluate.quote_owes#call2.result	UNRESOLVED
evaluate.quote_owes.call3.a.end#return	evaluate.quote_owes#call3.result	UNRESOLVED
evaluate.quote_owes.call4.a.end#return	evaluate.quote_owes#call4.result	UNRESOLVED
evaluate.quote_owes.call5.q.start#return	evaluate.quote_owes#call5.result	UNRESOLVED
evaluate.quote_owes.call6._norm(q.group(1) or q.group(2) or '').strip#return	evaluate.quote_owes#call6.result	UNRESOLVED
evaluate.quote_owes.call8.q.group#return	evaluate.quote_owes#call8.result	UNRESOLVED
evaluate.quote_owes.call9.q.group#return	evaluate.quote_owes#call9.result	UNRESOLVED
evaluate.quote_pays#call0.arg0	evaluate._norm#s	UNRESOLVED
evaluate.quote_pays#call0.invoke	evaluate._norm#invoke	Unit
evaluate.quote_pays#call1.arg0	evaluate._user_texts_of#o	UNRESOLVED
evaluate.quote_pays#call1.invoke	evaluate._user_texts_of#invoke	Unit
evaluate.quote_pays.lambda@353:12#call0.arg0	evaluate.quote_pays.lambda@353:12.call0.any#arg0	UNRESOLVED
evaluate.quote_pays.lambda@353:12#call0.invoke	evaluate.quote_pays.lambda@353:12.call0.any#invoke	Unit
evaluate.quote_pays.lambda@353:12.call0.any#return	evaluate.quote_pays.lambda@353:12#call0.result	UNRESOLVED
evaluate.quote_seed#call0.arg0	evaluate._words_text#path	UNRESOLVED
evaluate.quote_seed#call0.invoke	evaluate._words_text#invoke	Unit
evaluate.quote_seed#call1.arg0	evaluate.quote_seed.call1.args.get#arg0	str
evaluate.quote_seed#call1.arg1	evaluate.quote_seed.call1.args.get#arg1	str
evaluate.quote_seed#call1.invoke	evaluate.quote_seed.call1.args.get#invoke	Unit
evaluate.quote_seed#call2.arg0	evaluate._norm#s	UNRESOLVED
evaluate.quote_seed#call2.invoke	evaluate._norm#invoke	Unit
evaluate.quote_seed#call3.arg0	evaluate.quote_seed.call3.getattr#arg0	UNRESOLVED
evaluate.quote_seed#call3.arg1	evaluate.quote_seed.call3.getattr#arg1	str
evaluate.quote_seed#call3.arg2	evaluate.quote_seed.call3.getattr#arg2	NoneType
evaluate.quote_seed#call3.invoke	evaluate.quote_seed.call3.getattr#invoke	Unit
evaluate.quote_seed.call1.args.get#return	evaluate.quote_seed#call1.result	UNRESOLVED
evaluate.quote_seed.call3.getattr#return	evaluate.quote_seed#call3.result	UNRESOLVED
evaluate.quote_seed.lambda@346:12#call0.arg0	evaluate.quote_seed.lambda@346:12.call0.any#arg0	UNRESOLVED
evaluate.quote_seed.lambda@346:12#call0.invoke	evaluate.quote_seed.lambda@346:12.call0.any#invoke	Unit
evaluate.quote_seed.lambda@346:12.call0.any#return	evaluate.quote_seed.lambda@346:12#call0.result	UNRESOLVED
evaluate.read_pays#call0.invoke	evaluate.read_pays.call0.str(o.output).strip#invoke	Unit
evaluate.read_pays#call1.arg0	evaluate.read_pays.call1.str#arg0	UNRESOLVED
evaluate.read_pays#call1.invoke	evaluate.read_pays.call1.str#invoke	Unit
evaluate.read_pays.call0.str(o.output).strip#return	evaluate.read_pays#call0.result	UNRESOLVED
evaluate.read_pays.call1.str#return	evaluate.read_pays#call1.result	UNRESOLVED
evaluate.read_pays.lambda@370:11#call0.arg0	evaluate.read_pays.lambda@370:11.call0.any#arg0	UNRESOLVED
evaluate.read_pays.lambda@370:11#call0.invoke	evaluate.read_pays.lambda@370:11.call0.any#invoke	Unit
evaluate.read_pays.lambda@370:11#call1.arg0	evaluate._names#o	UNRESOLVED
evaluate.read_pays.lambda@370:11#call1.arg1	evaluate._names#path	UNRESOLVED
evaluate.read_pays.lambda@370:11#call1.invoke	evaluate._names#invoke	Unit
evaluate.read_pays.lambda@370:11#call2.arg0	evaluate.read_pays.lambda@370:11.call2.isinstance#arg0	UNRESOLVED
evaluate.read_pays.lambda@370:11#call2.arg1	evaluate.read_pays.lambda@370:11.call2.isinstance#arg1	UNRESOLVED
evaluate.read_pays.lambda@370:11#call2.invoke	evaluate.read_pays.lambda@370:11.call2.isinstance#invoke	Unit
evaluate.read_pays.lambda@370:11.call0.any#return	evaluate.read_pays.lambda@370:11#call0.result	UNRESOLVED
evaluate.read_pays.lambda@370:11.call2.isinstance#return	evaluate.read_pays.lambda@370:11#call2.result	UNRESOLVED
evaluate.repeat_owes#call0.arg0	evaluate._last_same_call#record	UNRESOLVED
evaluate.repeat_owes#call0.arg1	evaluate._last_same_call#event	UNRESOLVED
evaluate.repeat_owes#call0.invoke	evaluate._last_same_call#invoke	Unit
evaluate.repeat_owes#call1.arg0	evaluate._denied#o	UNRESOLVED
evaluate.repeat_owes#call1.invoke	evaluate._denied#invoke	Unit
evaluate.repeat_owes#call2.invoke	evaluate.repeat_owes.call2.str(last.output).strip#invoke	Unit
evaluate.repeat_owes#call3.arg0	evaluate.repeat_owes.call3.str#arg0	UNRESOLVED
evaluate.repeat_owes#call3.invoke	evaluate.repeat_owes.call3.str#invoke	Unit
evaluate.repeat_owes#call4.arg0	evaluate.repeat_owes.call4.getattr#arg0	UNRESOLVED
evaluate.repeat_owes#call4.arg1	evaluate.repeat_owes.call4.getattr#arg1	str
evaluate.repeat_owes#call4.arg2	evaluate.repeat_owes.call4.getattr#arg2	int
evaluate.repeat_owes#call4.invoke	evaluate.repeat_owes.call4.getattr#invoke	Unit
evaluate.repeat_owes.call2.str(last.output).strip#return	evaluate.repeat_owes#call2.result	UNRESOLVED
evaluate.repeat_owes.call3.str#return	evaluate.repeat_owes#call3.result	UNRESOLVED
evaluate.repeat_owes.call4.getattr#return	evaluate.repeat_owes#call4.result	UNRESOLVED
evaluate.thread_owes#call0.arg0	evaluate.thread_owes.call0.getattr#arg0	UNRESOLVED
evaluate.thread_owes#call0.arg1	evaluate.thread_owes.call0.getattr#arg1	str
evaluate.thread_owes#call0.arg2	evaluate.thread_owes.call0.getattr#arg2	NoneType
evaluate.thread_owes#call0.invoke	evaluate.thread_owes.call0.getattr#invoke	Unit
evaluate.thread_owes#call1.arg0	evaluate._is_act#args	UNRESOLVED
evaluate.thread_owes#call1.arg1	evaluate._is_act#o	UNRESOLVED
evaluate.thread_owes#call1.invoke	evaluate._is_act#invoke	Unit
evaluate.thread_owes.call0.getattr#return	evaluate.thread_owes#call0.result	UNRESOLVED
evaluate.unwitnessed#call0.arg0	evaluate.unwitnessed.call0.list#arg0	UNRESOLVED
evaluate.unwitnessed#call0.invoke	evaluate.unwitnessed.call0.list#invoke	Unit
evaluate.unwitnessed#call1.arg0	evaluate.unwitnessed.call1.pays#arg0	UNRESOLVED
evaluate.unwitnessed#call1.invoke	evaluate.unwitnessed.call1.pays#invoke	Unit
evaluate.unwitnessed#call2.arg0	evaluate.unwitnessed.call2.paid.append#arg0	UNRESOLVED
evaluate.unwitnessed#call2.invoke	evaluate.unwitnessed.call2.paid.append#invoke	Unit
evaluate.unwitnessed#call3.arg0	evaluate.unwitnessed.call3.owes#arg0	UNRESOLVED
evaluate.unwitnessed#call3.invoke	evaluate.unwitnessed.call3.owes#invoke	Unit
evaluate.unwitnessed#call4.arg0	evaluate.unwitnessed.call4.any#arg0	UNRESOLVED
evaluate.unwitnessed#call4.invoke	evaluate.unwitnessed.call4.any#invoke	Unit
evaluate.unwitnessed#call5.arg0	evaluate.unwitnessed.call5.q#arg0	UNRESOLVED
evaluate.unwitnessed#call5.invoke	evaluate.unwitnessed.call5.q#invoke	Unit
evaluate.unwitnessed#return	evaluate.evaluate#call9.result	UNRESOLVED
evaluate.unwitnessed.call0.list#return	evaluate.unwitnessed#call0.result	UNRESOLVED
evaluate.unwitnessed.call1.pays#return	evaluate.unwitnessed#call1.result	UNRESOLVED
evaluate.unwitnessed.call2.paid.append#return	evaluate.unwitnessed#call2.result	UNRESOLVED
evaluate.unwitnessed.call3.owes#return	evaluate.unwitnessed#call3.result	UNRESOLVED
evaluate.unwitnessed.call4.any#return	evaluate.unwitnessed#call4.result	UNRESOLVED
evaluate.unwitnessed.call5.q#return	evaluate.unwitnessed#call5.result	UNRESOLVED
evaluate.write_owes#call0.arg0	evaluate.write_owes.call0.event.get#arg0	str
evaluate.write_owes#call0.invoke	evaluate.write_owes.call0.event.get#invoke	Unit
evaluate.write_owes#call1.arg0	evaluate.write_owes.call1.str#arg0	UNRESOLVED
evaluate.write_owes#call1.invoke	evaluate.write_owes.call1.str#invoke	Unit
evaluate.write_owes#call10.arg0	evaluate.write_owes.call10.str#arg0	UNRESOLVED
evaluate.write_owes#call10.invoke	evaluate.write_owes.call10.str#invoke	Unit
evaluate.write_owes#call11.arg0	evaluate.write_owes.call11.tuple#arg0	UNRESOLVED
evaluate.write_owes#call11.invoke	evaluate.write_owes.call11.tuple#invoke	Unit
evaluate.write_owes#call12.arg0	evaluate.write_owes.call12.sorted#arg0	UNRESOLVED
evaluate.write_owes#call12.invoke	evaluate.write_owes.call12.sorted#invoke	Unit
evaluate.write_owes#call2.arg0	evaluate.write_owes.call2.ti.get#arg0	str
evaluate.write_owes#call2.arg1	evaluate.write_owes.call2.ti.get#arg1	str
evaluate.write_owes#call2.invoke	evaluate.write_owes.call2.ti.get#invoke	Unit
evaluate.write_owes#call3.arg0	evaluate.write_owes.call3.frozenset#arg0	UNRESOLVED
evaluate.write_owes#call3.invoke	evaluate.write_owes.call3.frozenset#invoke	Unit
evaluate.write_owes#call4.arg0	evaluate.write_owes.call4._PATH_RX.findall#arg0	UNRESOLVED
evaluate.write_owes#call4.invoke	evaluate.write_owes.call4._PATH_RX.findall#invoke	Unit
evaluate.write_owes#call5.arg0	evaluate.write_owes.call5.str#arg0	UNRESOLVED
evaluate.write_owes#call5.invoke	evaluate.write_owes.call5.str#invoke	Unit
evaluate.write_owes#call6.arg0	evaluate.write_owes.call6.ti.get#arg0	str
evaluate.write_owes#call6.arg1	evaluate.write_owes.call6.ti.get#arg1	str
evaluate.write_owes#call6.invoke	evaluate.write_owes.call6.ti.get#invoke	Unit
evaluate.write_owes#call7.arg0	evaluate.write_owes.call7.frozenset#arg0	UNRESOLVED
evaluate.write_owes#call7.invoke	evaluate.write_owes.call7.frozenset#invoke	Unit
evaluate.write_owes#call8.arg0	evaluate.write_owes.call8.any#arg0	UNRESOLVED
evaluate.write_owes#call8.invoke	evaluate.write_owes.call8.any#invoke	Unit
evaluate.write_owes#call9.arg0	evaluate._names#o	UNRESOLVED
evaluate.write_owes#call9.arg1	evaluate._names#path	UNRESOLVED
evaluate.write_owes#call9.invoke	evaluate._names#invoke	Unit
evaluate.write_owes.call0.event.get#return	evaluate.write_owes#call0.result	UNRESOLVED
evaluate.write_owes.call1.str#return	evaluate.write_owes#call1.result	UNRESOLVED
evaluate.write_owes.call10.str#return	evaluate.write_owes#call10.result	UNRESOLVED
evaluate.write_owes.call11.tuple#return	evaluate.write_owes#call11.result	UNRESOLVED
evaluate.write_owes.call12.sorted#return	evaluate.write_owes#call12.result	UNRESOLVED
evaluate.write_owes.call2.ti.get#return	evaluate.write_owes#call2.result	UNRESOLVED
evaluate.write_owes.call3.frozenset#return	evaluate.write_owes#call3.result	UNRESOLVED
evaluate.write_owes.call4._PATH_RX.findall#return	evaluate.write_owes#call4.result	UNRESOLVED
evaluate.write_owes.call5.str#return	evaluate.write_owes#call5.result	UNRESOLVED
evaluate.write_owes.call6.ti.get#return	evaluate.write_owes#call6.result	UNRESOLVED
evaluate.write_owes.call7.frozenset#return	evaluate.write_owes#call7.result	UNRESOLVED
evaluate.write_owes.call8.any#return	evaluate.write_owes#call8.result	UNRESOLVED
hook.<module>#done	__main__.<module>#imported.hook	Unit
hook.d_in#call0.arg0	hook.d_in.call0.json.loads#arg0	UNRESOLVED
hook.d_in#call0.invoke	hook.d_in.call0.json.loads#invoke	Unit
hook.d_in#call1.arg0	hook.d_in.call1.isinstance#arg0	UNRESOLVED
hook.d_in#call1.arg1	hook.d_in.call1.isinstance#arg1	UNRESOLVED
hook.d_in#call1.invoke	hook.d_in.call1.isinstance#invoke	Unit
hook.d_in#call2.arg0	hook.d_in.call2.ev.get#arg0	str
hook.d_in#call2.invoke	hook.d_in.call2.ev.get#invoke	Unit
hook.d_in#return	hook.main#call0.result	UNRESOLVED
hook.d_in.call0.json.loads#return	hook.d_in#call0.result	UNRESOLVED
hook.d_in.call1.isinstance#return	hook.d_in#call1.result	UNRESOLVED
hook.d_in.call2.ev.get#return	hook.d_in#call2.result	UNRESOLVED
hook.d_out#call0.arg0	hook.d_out.call0.event.get#arg0	str
hook.d_out#call0.invoke	hook.d_out.call0.event.get#invoke	Unit
hook.d_out#call1.arg0	hook.d_out.call1.event.get#arg0	str
hook.d_out#call1.invoke	hook.d_out.call1.event.get#invoke	Unit
hook.d_out#return	hook.main#call11.result	UNRESOLVED
hook.d_out.call0.event.get#return	hook.d_out#call0.result	UNRESOLVED
hook.d_out.call1.event.get#return	hook.d_out#call1.result	UNRESOLVED
hook.main#call0.arg0	hook.d_in#raw	UNRESOLVED
hook.main#call0.invoke	hook.d_in#invoke	Unit
hook.main#call1.arg0	hook.sigma_path#state_dir	UNRESOLVED
hook.main#call1.arg1	hook.sigma_path#session_id	UNRESOLVED
hook.main#call1.invoke	hook.sigma_path#invoke	Unit
hook.main#call10.arg0	hook.sigma_append#path	UNRESOLVED
hook.main#call10.arg1	hook.sigma_append#row	UNRESOLVED
hook.main#call10.invoke	hook.sigma_append#invoke	Unit
hook.main#call11.arg0	hook.d_out#event	UNRESOLVED
hook.main#call11.arg1	hook.d_out#finding	UNRESOLVED
hook.main#call11.invoke	hook.d_out#invoke	Unit
hook.main#call2.arg0	hook.main.call2.ev.get#arg0	str
hook.main#call2.arg1	hook.main.call2.ev.get#arg1	str
hook.main#call2.invoke	hook.main.call2.ev.get#invoke	Unit
hook.main#call3.arg0	hook.sigma_read#path	UNRESOLVED
hook.main#call3.invoke	hook.sigma_read#invoke	Unit
hook.main#call4.arg0	hook.main.call4.record_fn#arg0	UNRESOLVED
hook.main#call4.invoke	hook.main.call4.record_fn#invoke	Unit
hook.main#call5.arg0	hook.main.call5.ev.get#arg0	str
hook.main#call5.invoke	hook.main.call5.ev.get#invoke	Unit
hook.main#call6.arg0	hook.o_once#finding	UNRESOLVED
hook.main#call6.arg1	hook.o_once#record	UNRESOLVED
hook.main#call6.arg2	hook.o_once#keys	UNRESOLVED
hook.main#call6.invoke	hook.o_once#invoke	Unit
hook.main#call7.arg0	hook.main.call7.evaluate_fn#arg0	UNRESOLVED
hook.main#call7.arg1	hook.main.call7.evaluate_fn#arg1	UNRESOLVED
hook.main#call7.arg2	hook.main.call7.evaluate_fn#arg2	UNRESOLVED
hook.main#call7.invoke	hook.main.call7.evaluate_fn#invoke	Unit
hook.main#call8.arg0	hook.main.call8.ev.get#arg0	str
hook.main#call8.invoke	hook.main.call8.ev.get#invoke	Unit
hook.main#call9.arg0	hook.sigma_append#path	UNRESOLVED
hook.main#call9.arg1	hook.sigma_append#row	UNRESOLVED
hook.main#call9.invoke	hook.sigma_append#invoke	Unit
hook.main#return	__main__.run#call10.result	UNRESOLVED
hook.main.call2.ev.get#return	hook.main#call2.result	UNRESOLVED
hook.main.call4.record_fn#return	hook.main#call4.result	UNRESOLVED
hook.main.call5.ev.get#return	hook.main#call5.result	UNRESOLVED
hook.main.call7.evaluate_fn#return	hook.main#call7.result	UNRESOLVED
hook.main.call8.ev.get#return	hook.main#call8.result	UNRESOLVED
hook.o_once#call0.arg0	hook.o_once.call0.sorted#arg0	UNRESOLVED
hook.o_once#call0.invoke	hook.o_once.call0.sorted#invoke	Unit
hook.o_once#call1.arg0	hook.o_once.call1.finding.get#arg0	str
hook.o_once#call1.invoke	hook.o_once.call1.finding.get#invoke	Unit
hook.o_once#call2.arg0	hook.o_once.call2.set#arg0	UNRESOLVED
hook.o_once#call2.invoke	hook.o_once.call2.set#invoke	Unit
hook.o_once#call3.arg0	hook.o_once.call3.set#arg0	UNRESOLVED
hook.o_once#call3.invoke	hook.o_once.call3.set#invoke	Unit
hook.o_once#call4.arg0	hook.o_once.call4.set#arg0	UNRESOLVED
hook.o_once#call4.invoke	hook.o_once.call4.set#invoke	Unit
hook.o_once#call5.arg0	hook.o_once.call5.set#arg0	UNRESOLVED
hook.o_once#call5.invoke	hook.o_once.call5.set#invoke	Unit
hook.o_once#call6.invoke	hook.o_once.call6.hashlib.sha256(json.dumps([finding['row'], objs, state]).encode()).hexdigest#invoke	Unit
hook.o_once#call7.arg0	hook.o_once.call7.hashlib.sha256#arg0	UNRESOLVED
hook.o_once#call7.invoke	hook.o_once.call7.hashlib.sha256#invoke	Unit
hook.o_once#call8.invoke	hook.o_once.call8.json.dumps([finding['row'], objs, state]).encode#invoke	Unit
hook.o_once#call9.arg0	hook.o_once.call9.json.dumps#arg0	UNRESOLVED
hook.o_once#call9.invoke	hook.o_once.call9.json.dumps#invoke	Unit
hook.o_once#return	hook.main#call6.result	UNRESOLVED
hook.o_once.call0.sorted#return	hook.o_once#call0.result	UNRESOLVED
hook.o_once.call1.finding.get#return	hook.o_once#call1.result	UNRESOLVED
hook.o_once.call2.set#return	hook.o_once#call2.result	UNRESOLVED
hook.o_once.call3.set#return	hook.o_once#call3.result	UNRESOLVED
hook.o_once.call4.set#return	hook.o_once#call4.result	UNRESOLVED
hook.o_once.call5.set#return	hook.o_once#call5.result	UNRESOLVED
hook.o_once.call6.hashlib.sha256(json.dumps([finding['row'], objs, state]).encode()).hexdigest#return	hook.o_once#call6.result	UNRESOLVED
hook.o_once.call7.hashlib.sha256#return	hook.o_once#call7.result	UNRESOLVED
hook.o_once.call8.json.dumps([finding['row'], objs, state]).encode#return	hook.o_once#call8.result	UNRESOLVED
hook.o_once.call9.json.dumps#return	hook.o_once#call9.result	UNRESOLVED
hook.sigma_append#call0.arg0	hook.sigma_append.call0.os.makedirs#arg0	UNRESOLVED
hook.sigma_append#call0.invoke	hook.sigma_append.call0.os.makedirs#invoke	Unit
hook.sigma_append#call0.kw.exist_ok	hook.sigma_append.call0.os.makedirs#exist_ok	bool
hook.sigma_append#call1.arg0	hook.sigma_append.call1.os.path.dirname#arg0	UNRESOLVED
hook.sigma_append#call1.invoke	hook.sigma_append.call1.os.path.dirname#invoke	Unit
hook.sigma_append#call2.arg0	hook.sigma_append.call2.open#arg0	UNRESOLVED
hook.sigma_append#call2.arg1	hook.sigma_append.call2.open#arg1	str
hook.sigma_append#call2.invoke	hook.sigma_append.call2.open#invoke	Unit
hook.sigma_append#call2.kw.encoding	hook.sigma_append.call2.open#encoding	str
hook.sigma_append#call3.arg0	hook.sigma_append.call3.fh.write#arg0	UNRESOLVED
hook.sigma_append#call3.invoke	hook.sigma_append.call3.fh.write#invoke	Unit
hook.sigma_append#call4.arg0	hook.sigma_append.call4.json.dumps#arg0	UNRESOLVED
hook.sigma_append#call4.invoke	hook.sigma_append.call4.json.dumps#invoke	Unit
hook.sigma_append#call4.kw.sort_keys	hook.sigma_append.call4.json.dumps#sort_keys	bool
hook.sigma_append#return	hook.main#call10.result	UNRESOLVED
hook.sigma_append#return	hook.main#call9.result	UNRESOLVED
hook.sigma_append#state-effect	OUTPUT.session-state#value	UNRESOLVED
hook.sigma_append.call0.os.makedirs#return	hook.sigma_append#call0.result	UNRESOLVED
hook.sigma_append.call1.os.path.dirname#return	hook.sigma_append#call1.result	UNRESOLVED
hook.sigma_append.call2.open#return	hook.sigma_append#call2.result	UNRESOLVED
hook.sigma_append.call3.fh.write#return	hook.sigma_append#call3.result	UNRESOLVED
hook.sigma_append.call4.json.dumps#return	hook.sigma_append#call4.result	UNRESOLVED
hook.sigma_path#call0.invoke	hook.sigma_path.call0.hashlib.sha256(str(session_id).encode()).hexdigest#invoke	Unit
hook.sigma_path#call1.arg0	hook.sigma_path.call1.hashlib.sha256#arg0	UNRESOLVED
hook.sigma_path#call1.invoke	hook.sigma_path.call1.hashlib.sha256#invoke	Unit
hook.sigma_path#call2.invoke	hook.sigma_path.call2.str(session_id).encode#invoke	Unit
hook.sigma_path#call3.arg0	hook.sigma_path.call3.str#arg0	UNRESOLVED
hook.sigma_path#call3.invoke	hook.sigma_path.call3.str#invoke	Unit
hook.sigma_path#call4.arg0	hook.sigma_path.call4.os.path.join#arg0	UNRESOLVED
hook.sigma_path#call4.arg1	hook.sigma_path.call4.os.path.join#arg1	UNRESOLVED
hook.sigma_path#call4.invoke	hook.sigma_path.call4.os.path.join#invoke	Unit
hook.sigma_path#return	hook.main#call1.result	UNRESOLVED
hook.sigma_path.call0.hashlib.sha256(str(session_id).encode()).hexdigest#return	hook.sigma_path#call0.result	UNRESOLVED
hook.sigma_path.call1.hashlib.sha256#return	hook.sigma_path#call1.result	UNRESOLVED
hook.sigma_path.call2.str(session_id).encode#return	hook.sigma_path#call2.result	UNRESOLVED
hook.sigma_path.call3.str#return	hook.sigma_path#call3.result	UNRESOLVED
hook.sigma_path.call4.os.path.join#return	hook.sigma_path#call4.result	UNRESOLVED
hook.sigma_read#call0.invoke	hook.sigma_read.call0.set#invoke	Unit
hook.sigma_read#call1.arg0	hook.sigma_read.call1.os.path.exists#arg0	UNRESOLVED
hook.sigma_read#call1.invoke	hook.sigma_read.call1.os.path.exists#invoke	Unit
hook.sigma_read#call2.arg0	hook.sigma_read.call2.open#arg0	UNRESOLVED
hook.sigma_read#call2.invoke	hook.sigma_read.call2.open#invoke	Unit
hook.sigma_read#call2.kw.encoding	hook.sigma_read.call2.open#encoding	str
hook.sigma_read#call3.arg0	hook.sigma_read.call3.json.loads#arg0	UNRESOLVED
hook.sigma_read#call3.invoke	hook.sigma_read.call3.json.loads#invoke	Unit
hook.sigma_read#call4.arg0	hook.sigma_read.call4.keys.add#arg0	UNRESOLVED
hook.sigma_read#call4.invoke	hook.sigma_read.call4.keys.add#invoke	Unit
hook.sigma_read#call5.arg0	hook.sigma_read.call5.events.append#arg0	UNRESOLVED
hook.sigma_read#call5.invoke	hook.sigma_read.call5.events.append#invoke	Unit
hook.sigma_read#return	hook.main#call3.result	UNRESOLVED
hook.sigma_read.call0.set#return	hook.sigma_read#call0.result	UNRESOLVED
hook.sigma_read.call1.os.path.exists#return	hook.sigma_read#call1.result	UNRESOLVED
hook.sigma_read.call2.open#return	hook.sigma_read#call2.result	UNRESOLVED
hook.sigma_read.call3.json.loads#return	hook.sigma_read#call3.result	UNRESOLVED
hook.sigma_read.call4.keys.add#return	hook.sigma_read#call4.result	UNRESOLVED
hook.sigma_read.call5.events.append#return	hook.sigma_read#call5.result	UNRESOLVED
observed.<module>#call0.arg0	observed.<module>.call0.frozenset#arg0	UNRESOLVED
observed.<module>#call0.invoke	observed.<module>.call0.frozenset#invoke	Unit
observed.<module>#call1.arg0	observed.<module>.call1.re.compile#arg0	str
observed.<module>#call1.arg1	observed.<module>.call1.re.compile#arg1	UNRESOLVED
observed.<module>#call1.invoke	observed.<module>.call1.re.compile#invoke	Unit
observed.<module>#call10.arg0	observed.<module>.call10.re.compile#arg0	str
observed.<module>#call10.arg1	observed.<module>.call10.re.compile#arg1	UNRESOLVED
observed.<module>#call10.invoke	observed.<module>.call10.re.compile#invoke	Unit
observed.<module>#call11.arg0	observed.<module>.call11.re.compile#arg0	str
observed.<module>#call11.arg1	observed.<module>.call11.re.compile#arg1	UNRESOLVED
observed.<module>#call11.invoke	observed.<module>.call11.re.compile#invoke	Unit
observed.<module>#call12.arg0	observed.<module>.call12.re.compile#arg0	str
observed.<module>#call12.invoke	observed.<module>.call12.re.compile#invoke	Unit
observed.<module>#call13.arg0	observed.<module>.call13.re.compile#arg0	str
observed.<module>#call13.invoke	observed.<module>.call13.re.compile#invoke	Unit
observed.<module>#call14.arg0	observed.<module>.call14.re.compile#arg0	str
observed.<module>#call14.arg1	observed.<module>.call14.re.compile#arg1	UNRESOLVED
observed.<module>#call14.invoke	observed.<module>.call14.re.compile#invoke	Unit
observed.<module>#call15.arg0	observed.<module>.call15.re.compile#arg0	str
observed.<module>#call15.arg1	observed.<module>.call15.re.compile#arg1	UNRESOLVED
observed.<module>#call15.invoke	observed.<module>.call15.re.compile#invoke	Unit
observed.<module>#call16.arg0	observed.<module>.call16.frozenset#arg0	UNRESOLVED
observed.<module>#call16.invoke	observed.<module>.call16.frozenset#invoke	Unit
observed.<module>#call17.arg0	observed.<module>.call17.frozenset#arg0	UNRESOLVED
observed.<module>#call17.invoke	observed.<module>.call17.frozenset#invoke	Unit
observed.<module>#call18.arg0	observed.<module>.call18.re.compile#arg0	str
observed.<module>#call18.invoke	observed.<module>.call18.re.compile#invoke	Unit
observed.<module>#call19.arg0	observed.<module>.call19.re.compile#arg0	str
observed.<module>#call19.invoke	observed.<module>.call19.re.compile#invoke	Unit
observed.<module>#call2.arg0	observed.<module>.call2.frozenset#arg0	UNRESOLVED
observed.<module>#call2.invoke	observed.<module>.call2.frozenset#invoke	Unit
observed.<module>#call20.arg0	observed.<module>.call20.re.compile#arg0	str
observed.<module>#call20.invoke	observed.<module>.call20.re.compile#invoke	Unit
observed.<module>#call21.arg0	observed.<module>.call21.re.compile#arg0	str
observed.<module>#call21.invoke	observed.<module>.call21.re.compile#invoke	Unit
observed.<module>#call3.arg0	observed.<module>.call3.re.compile#arg0	str
observed.<module>#call3.invoke	observed.<module>.call3.re.compile#invoke	Unit
observed.<module>#call4.arg0	observed.<module>.call4.frozenset#arg0	UNRESOLVED
observed.<module>#call4.invoke	observed.<module>.call4.frozenset#invoke	Unit
observed.<module>#call5.arg0	observed.<module>.call5.frozenset#arg0	UNRESOLVED
observed.<module>#call5.invoke	observed.<module>.call5.frozenset#invoke	Unit
observed.<module>#call6.arg0	observed.<module>.call6.re.compile#arg0	str
observed.<module>#call6.invoke	observed.<module>.call6.re.compile#invoke	Unit
observed.<module>#call7.arg0	observed.<module>.call7.re.compile#arg0	str
observed.<module>#call7.invoke	observed.<module>.call7.re.compile#invoke	Unit
observed.<module>#call8.arg0	observed.<module>.call8.re.compile#arg0	str
observed.<module>#call8.arg1	observed.<module>.call8.re.compile#arg1	UNRESOLVED
observed.<module>#call8.invoke	observed.<module>.call8.re.compile#invoke	Unit
observed.<module>#call9.arg0	observed.<module>.call9.re.compile#arg0	str
observed.<module>#call9.invoke	observed.<module>.call9.re.compile#invoke	Unit
observed.<module>#done	__main__.<module>#imported.observed	Unit
observed.<module>.call0.frozenset#return	observed.<module>#call0.result	UNRESOLVED
observed.<module>.call1.re.compile#return	observed.<module>#call1.result	UNRESOLVED
observed.<module>.call10.re.compile#return	observed.<module>#call10.result	UNRESOLVED
observed.<module>.call11.re.compile#return	observed.<module>#call11.result	UNRESOLVED
observed.<module>.call12.re.compile#return	observed.<module>#call12.result	UNRESOLVED
observed.<module>.call13.re.compile#return	observed.<module>#call13.result	UNRESOLVED
observed.<module>.call14.re.compile#return	observed.<module>#call14.result	UNRESOLVED
observed.<module>.call15.re.compile#return	observed.<module>#call15.result	UNRESOLVED
observed.<module>.call16.frozenset#return	observed.<module>#call16.result	UNRESOLVED
observed.<module>.call17.frozenset#return	observed.<module>#call17.result	UNRESOLVED
observed.<module>.call18.re.compile#return	observed.<module>#call18.result	UNRESOLVED
observed.<module>.call19.re.compile#return	observed.<module>#call19.result	UNRESOLVED
observed.<module>.call2.frozenset#return	observed.<module>#call2.result	UNRESOLVED
observed.<module>.call20.re.compile#return	observed.<module>#call20.result	UNRESOLVED
observed.<module>.call21.re.compile#return	observed.<module>#call21.result	UNRESOLVED
observed.<module>.call3.re.compile#return	observed.<module>#call3.result	UNRESOLVED
observed.<module>.call4.frozenset#return	observed.<module>#call4.result	UNRESOLVED
observed.<module>.call5.frozenset#return	observed.<module>#call5.result	UNRESOLVED
observed.<module>.call6.re.compile#return	observed.<module>#call6.result	UNRESOLVED
observed.<module>.call7.re.compile#return	observed.<module>#call7.result	UNRESOLVED
observed.<module>.call8.re.compile#return	observed.<module>#call8.result	UNRESOLVED
observed.<module>.call9.re.compile#return	observed.<module>#call9.result	UNRESOLVED
observed.Record.__init__#call0.arg0	observed.Record.__init__.call0.list#arg0	Iterable[Obs]
observed.Record.__init__#call0.invoke	observed.Record.__init__.call0.list#invoke	Unit
observed.Record.__init__#call1.arg0	observed.Record.__init__.call1.list#arg0	UNRESOLVED
observed.Record.__init__#call1.invoke	observed.Record.__init__.call1.list#invoke	Unit
observed.Record.__init__.call0.list#return	observed.Record.__init__#call0.result	UNRESOLVED
observed.Record.__init__.call1.list#return	observed.Record.__init__#call1.result	UNRESOLVED
observed.Record.objects_of#call0.arg0	observed.Record.objects_of.call0.isinstance#arg0	UNRESOLVED
observed.Record.objects_of#call0.arg1	observed.Record.objects_of.call0.isinstance#arg1	UNRESOLVED
observed.Record.objects_of#call0.invoke	observed.Record.objects_of.call0.isinstance#invoke	Unit
observed.Record.objects_of#call1.invoke	observed.Record.objects_of.call1.frozenset#invoke	Unit
observed.Record.objects_of#call10.arg0	observed._bash_reading#command	UNRESOLVED
observed.Record.objects_of#call10.arg1	observed._bash_reading#cwd	UNRESOLVED
observed.Record.objects_of#call10.arg2	observed._bash_reading#output	str
observed.Record.objects_of#call10.invoke	observed._bash_reading#invoke	Unit
observed.Record.objects_of#call11.invoke	observed.Record.objects_of.call11.set#invoke	Unit
observed.Record.objects_of#call12.arg0	observed.Record.objects_of.call12.out.discard#arg0	str
observed.Record.objects_of#call12.invoke	observed.Record.objects_of.call12.out.discard#invoke	Unit
observed.Record.objects_of#call13.arg0	observed.Record.objects_of.call13.frozenset#arg0	UNRESOLVED
observed.Record.objects_of#call13.invoke	observed.Record.objects_of.call13.frozenset#invoke	Unit
observed.Record.objects_of#call2.arg0	observed.Record.objects_of.call2.isinstance#arg0	UNRESOLVED
observed.Record.objects_of#call2.arg1	observed.Record.objects_of.call2.isinstance#arg1	UNRESOLVED
observed.Record.objects_of#call2.invoke	observed.Record.objects_of.call2.isinstance#invoke	Unit
observed.Record.objects_of#call3.arg0	observed.Record.objects_of.call3.event.get#arg0	str
observed.Record.objects_of#call3.invoke	observed.Record.objects_of.call3.event.get#invoke	Unit
observed.Record.objects_of#call4.arg0	observed.Record.objects_of.call4.event.get#arg0	str
observed.Record.objects_of#call4.invoke	observed.Record.objects_of.call4.event.get#invoke	Unit
observed.Record.objects_of#call5.arg0	observed.Record.objects_of.call5.str#arg0	UNRESOLVED
observed.Record.objects_of#call5.invoke	observed.Record.objects_of.call5.str#invoke	Unit
observed.Record.objects_of#call6.arg0	observed.Record.objects_of.call6.event.get#arg0	str
observed.Record.objects_of#call6.invoke	observed.Record.objects_of.call6.event.get#invoke	Unit
observed.Record.objects_of#call7.arg0	observed._input_objects#ti	UNRESOLVED
observed.Record.objects_of#call7.arg1	observed._input_objects#cwd	UNRESOLVED
observed.Record.objects_of#call7.invoke	observed._input_objects#invoke	Unit
observed.Record.objects_of#call8.arg0	observed.Record.objects_of.call8.ti.get#arg0	str
observed.Record.objects_of#call8.invoke	observed.Record.objects_of.call8.ti.get#invoke	Unit
observed.Record.objects_of#call9.arg0	observed.Record.objects_of.call9.isinstance#arg0	UNRESOLVED
observed.Record.objects_of#call9.arg1	observed.Record.objects_of.call9.isinstance#arg1	UNRESOLVED
observed.Record.objects_of#call9.invoke	observed.Record.objects_of.call9.isinstance#invoke	Unit
observed.Record.objects_of.call0.isinstance#return	observed.Record.objects_of#call0.result	UNRESOLVED
observed.Record.objects_of.call1.frozenset#return	observed.Record.objects_of#call1.result	UNRESOLVED
observed.Record.objects_of.call11.set#return	observed.Record.objects_of#call11.result	UNRESOLVED
observed.Record.objects_of.call12.out.discard#return	observed.Record.objects_of#call12.result	UNRESOLVED
observed.Record.objects_of.call13.frozenset#return	observed.Record.objects_of#call13.result	UNRESOLVED
observed.Record.objects_of.call2.isinstance#return	observed.Record.objects_of#call2.result	UNRESOLVED
observed.Record.objects_of.call3.event.get#return	observed.Record.objects_of#call3.result	UNRESOLVED
observed.Record.objects_of.call4.event.get#return	observed.Record.objects_of#call4.result	UNRESOLVED
observed.Record.objects_of.call5.str#return	observed.Record.objects_of#call5.result	UNRESOLVED
observed.Record.objects_of.call6.event.get#return	observed.Record.objects_of#call6.result	UNRESOLVED
observed.Record.objects_of.call8.ti.get#return	observed.Record.objects_of#call8.result	UNRESOLVED
observed.Record.objects_of.call9.isinstance#return	observed.Record.objects_of#call9.result	UNRESOLVED
observed.Record.observed#call0.invoke	observed.Record.observed.call0.set#invoke	Unit
observed.Record.observed#call1.arg0	observed.Record.observed.call1.wanted.update#arg0	UNRESOLVED
observed.Record.observed#call1.invoke	observed.Record.observed.call1.wanted.update#invoke	Unit
observed.Record.observed#call2.arg0	observed.Record.observed.call2.str#arg0	UNRESOLVED
observed.Record.observed#call2.invoke	observed.Record.observed.call2.str#invoke	Unit
observed.Record.observed#call3.arg0	observed._norm#token	UNRESOLVED
observed.Record.observed#call3.arg1	observed._norm#cwd	str
observed.Record.observed#call3.invoke	observed._norm#invoke	Unit
observed.Record.observed#call4.arg0	observed.Record.observed.call4.wanted.discard#arg0	str
observed.Record.observed#call4.invoke	observed.Record.observed.call4.wanted.discard#invoke	Unit
observed.Record.observed#call5.arg0	observed._executed#o	UNRESOLVED
observed.Record.observed#call5.invoke	observed._executed#invoke	Unit
observed.Record.observed.call0.set#return	observed.Record.observed#call0.result	UNRESOLVED
observed.Record.observed.call1.wanted.update#return	observed.Record.observed#call1.result	UNRESOLVED
observed.Record.observed.call2.str#return	observed.Record.observed#call2.result	UNRESOLVED
observed.Record.observed.call4.wanted.discard#return	observed.Record.observed#call4.result	UNRESOLVED
observed._basename#call0.arg0	observed._basename.call0.word.rsplit#arg0	str
observed._basename#call0.arg1	observed._basename.call0.word.rsplit#arg1	int
observed._basename#call0.invoke	observed._basename.call0.word.rsplit#invoke	Unit
observed._basename#return	observed._bash_reading#call7.result	str
observed._basename#return	observed._effective_argv#call3.result	str
observed._basename#return	observed._effective_argv#call4.result	str
observed._basename#return	observed._nested_command#call0.result	str
observed._basename#return	observed._nested_command#call1.result	str
observed._basename#return	observed._segments#call8.result	str
observed._basename.call0.word.rsplit#return	observed._basename#call0.result	UNRESOLVED
observed._bash_reading#call0.invoke	observed._bash_reading.call0.set#invoke	Unit
observed._bash_reading#call1.invoke	observed._bash_reading.call1.set#invoke	Unit
observed._bash_reading#call10.arg0	observed._bash_reading.call10.bool#arg0	UNRESOLVED
observed._bash_reading#call10.invoke	observed._bash_reading.call10.bool#invoke	Unit
observed._bash_reading#call11.arg0	observed._bash_reading.call11._REDIRECT_RX.match#arg0	UNRESOLVED
observed._bash_reading#call11.invoke	observed._bash_reading.call11._REDIRECT_RX.match#invoke	Unit
observed._bash_reading#call12.arg0	observed._bash_reading.call12.objects.update#arg0	UNRESOLVED
observed._bash_reading#call12.invoke	observed._bash_reading.call12.objects.update#invoke	Unit
observed._bash_reading#call13.arg0	observed._norm#token	UNRESOLVED
observed._bash_reading#call13.arg1	observed._norm#cwd	str
observed._bash_reading#call13.invoke	observed._norm#invoke	Unit
observed._bash_reading#call14.arg0	observed._bash_reading.call14.bool#arg0	UNRESOLVED
observed._bash_reading#call14.invoke	observed._bash_reading.call14.bool#invoke	Unit
observed._bash_reading#call15.arg0	observed._bash_reading.call15._REDIRECT_RX.match#arg0	UNRESOLVED
observed._bash_reading#call15.invoke	observed._bash_reading.call15._REDIRECT_RX.match#invoke	Unit
observed._bash_reading#call16.arg0	observed._bash_reading.call16.bool#arg0	UNRESOLVED
observed._bash_reading#call16.invoke	observed._bash_reading.call16.bool#invoke	Unit
observed._bash_reading#call17.invoke	observed._bash_reading.call17.nxt.isdigit#invoke	Unit
observed._bash_reading#call18.arg0	observed._bash_reading.call18.nxt.startswith#arg0	UNRESOLVED
observed._bash_reading#call18.invoke	observed._bash_reading.call18.nxt.startswith#invoke	Unit
observed._bash_reading#call19.arg0	observed._bash_reading.call19.written.update#arg0	UNRESOLVED
observed._bash_reading#call19.invoke	observed._bash_reading.call19.written.update#invoke	Unit
observed._bash_reading#call2.invoke	observed._bash_reading.call2.set#invoke	Unit
observed._bash_reading#call20.arg0	observed._norm#token	UNRESOLVED
observed._bash_reading#call20.arg1	observed._norm#cwd	str
observed._bash_reading#call20.invoke	observed._norm#invoke	Unit
observed._bash_reading#call21.arg0	observed._bash_reading.call21.maybe_new.update#arg0	UNRESOLVED
observed._bash_reading#call21.invoke	observed._bash_reading.call21.maybe_new.update#invoke	Unit
observed._bash_reading#call22.arg0	observed._norm#token	UNRESOLVED
observed._bash_reading#call22.arg1	observed._norm#cwd	str
observed._bash_reading#call22.invoke	observed._norm#invoke	Unit
observed._bash_reading#call23.arg0	observed._bash_reading.call23.words.extend#arg0	UNRESOLVED
observed._bash_reading#call23.invoke	observed._bash_reading.call23.words.extend#invoke	Unit
observed._bash_reading#call24.arg0	observed._bash_reading.call24.w.startswith#arg0	str
observed._bash_reading#call24.invoke	observed._bash_reading.call24.w.startswith#invoke	Unit
observed._bash_reading#call25.invoke	observed._bash_reading.call25.w.isdigit#invoke	Unit
observed._bash_reading#call26.arg0	observed._bash_reading.call26.any#arg0	UNRESOLVED
observed._bash_reading#call26.invoke	observed._bash_reading.call26.any#invoke	Unit
observed._bash_reading#call27.invoke	observed._bash_reading.call27.c.isspace#invoke	Unit
observed._bash_reading#call28.arg0	observed._bash_reading.call28.objects.update#arg0	UNRESOLVED
observed._bash_reading#call28.invoke	observed._bash_reading.call28.objects.update#invoke	Unit
observed._bash_reading#call29.arg0	observed._text_objects#text	UNRESOLVED
observed._bash_reading#call29.arg1	observed._text_objects#cwd	str
observed._bash_reading#call29.invoke	observed._text_objects#invoke	Unit
observed._bash_reading#call3.invoke	observed._bash_reading.call3.set#invoke	Unit
observed._bash_reading#call30.arg0	observed._bash_reading.call30.objects.update#arg0	UNRESOLVED
observed._bash_reading#call30.invoke	observed._bash_reading.call30.objects.update#invoke	Unit
observed._bash_reading#call31.arg0	observed._norm#token	UNRESOLVED
observed._bash_reading#call31.arg1	observed._norm#cwd	str
observed._bash_reading#call31.invoke	observed._norm#invoke	Unit
observed._bash_reading#call32.arg0	observed._bash_reading.call32._WRITERS.get(program, _w_none)#arg0	UNRESOLVED
observed._bash_reading#call32.arg1	observed._bash_reading.call32._WRITERS.get(program, _w_none)#arg1	UNRESOLVED
observed._bash_reading#call32.invoke	observed._bash_reading.call32._WRITERS.get(program, _w_none)#invoke	Unit
observed._bash_reading#call33.arg0	observed._bash_reading.call33._WRITERS.get#arg0	UNRESOLVED
observed._bash_reading#call33.arg1	observed._bash_reading.call33._WRITERS.get#arg1	UNRESOLVED
observed._bash_reading#call33.invoke	observed._bash_reading.call33._WRITERS.get#invoke	Unit
observed._bash_reading#call34.arg0	observed._norm#token	UNRESOLVED
observed._bash_reading#call34.arg1	observed._norm#cwd	str
observed._bash_reading#call34.invoke	observed._norm#invoke	Unit
observed._bash_reading#call35.arg0	observed._bash_reading.call35.written.update#arg0	UNRESOLVED
observed._bash_reading#call35.invoke	observed._bash_reading.call35.written.update#invoke	Unit
observed._bash_reading#call36.arg0	observed._bash_reading.call36.maybe_new.update#arg0	UNRESOLVED
observed._bash_reading#call36.invoke	observed._bash_reading.call36.maybe_new.update#invoke	Unit
observed._bash_reading#call37.arg0	observed._bash_reading.call37.created.update#arg0	UNRESOLVED
observed._bash_reading#call37.invoke	observed._bash_reading.call37.created.update#invoke	Unit
observed._bash_reading#call38.arg0	observed._search_of#program	UNRESOLVED
observed._bash_reading#call38.arg1	observed._search_of#argv	UNRESOLVED
observed._bash_reading#call38.arg2	observed._search_of#plain	UNRESOLVED
observed._bash_reading#call38.arg3	observed._search_of#cwd	str
observed._bash_reading#call38.arg4	observed._search_of#output	str
observed._bash_reading#call38.arg5	observed._search_of#command	str
observed._bash_reading#call38.invoke	observed._search_of#invoke	Unit
observed._bash_reading#call39.arg0	observed._bash_reading.call39.objects.update#arg0	UNRESOLVED
observed._bash_reading#call39.invoke	observed._bash_reading.call39.objects.update#invoke	Unit
observed._bash_reading#call4.arg0	observed._segments#command	str
observed._bash_reading#call4.invoke	observed._segments#invoke	Unit
observed._bash_reading#call40.arg0	observed._bash_reading.call40.objects.update#arg0	UNRESOLVED
observed._bash_reading#call40.invoke	observed._bash_reading.call40.objects.update#invoke	Unit
observed._bash_reading#call41.arg0	observed._text_objects#text	str
observed._bash_reading#call41.arg1	observed._text_objects#cwd	str
observed._bash_reading#call41.invoke	observed._text_objects#invoke	Unit
observed._bash_reading#call42.arg0	observed._bash_reading.call42.rx.finditer#arg0	str
observed._bash_reading#call42.invoke	observed._bash_reading.call42.rx.finditer#invoke	Unit
observed._bash_reading#call43.arg0	observed._bash_reading.call43.written.add#arg0	UNRESOLVED
observed._bash_reading#call43.invoke	observed._bash_reading.call43.written.add#invoke	Unit
observed._bash_reading#call44.arg0	observed._norm#token	UNRESOLVED
observed._bash_reading#call44.arg1	observed._norm#cwd	str
observed._bash_reading#call44.invoke	observed._norm#invoke	Unit
observed._bash_reading#call45.arg0	observed._bash_reading.call45.m.group#arg0	int
observed._bash_reading#call45.invoke	observed._bash_reading.call45.m.group#invoke	Unit
observed._bash_reading#call46.arg0	observed._bash_reading.call46.maybe_new.add#arg0	UNRESOLVED
observed._bash_reading#call46.invoke	observed._bash_reading.call46.maybe_new.add#invoke	Unit
observed._bash_reading#call47.arg0	observed._norm#token	UNRESOLVED
observed._bash_reading#call47.arg1	observed._norm#cwd	str
observed._bash_reading#call47.invoke	observed._norm#invoke	Unit
observed._bash_reading#call48.arg0	observed._bash_reading.call48.m.group#arg0	int
observed._bash_reading#call48.invoke	observed._bash_reading.call48.m.group#invoke	Unit
observed._bash_reading#call49.arg0	observed._bash_reading.call49.s.discard#arg0	str
observed._bash_reading#call49.invoke	observed._bash_reading.call49.s.discard#invoke	Unit
observed._bash_reading#call5.arg0	observed._effective_argv#argv	UNRESOLVED
observed._bash_reading#call5.invoke	observed._effective_argv#invoke	Unit
observed._bash_reading#call6.arg0	observed._bash_reading.call6.list#arg0	UNRESOLVED
observed._bash_reading#call6.invoke	observed._bash_reading.call6.list#invoke	Unit
observed._bash_reading#call7.arg0	observed._basename#word	UNRESOLVED
observed._bash_reading#call7.invoke	observed._basename#invoke	Unit
observed._bash_reading#call8.arg0	observed._bash_reading.call8.enumerate#arg0	UNRESOLVED
observed._bash_reading#call8.arg1	observed._bash_reading.call8.enumerate#arg1	int
observed._bash_reading#call8.invoke	observed._bash_reading.call8.enumerate#invoke	Unit
observed._bash_reading#call9.arg0	observed._bash_reading.call9.len#arg0	UNRESOLVED
observed._bash_reading#call9.invoke	observed._bash_reading.call9.len#invoke	Unit
observed._bash_reading#return	observed.Record.objects_of#call10.result	UNRESOLVED
observed._bash_reading#return	observed._read#call26.result	UNRESOLVED
observed._bash_reading.call0.set#return	observed._bash_reading#call0.result	UNRESOLVED
observed._bash_reading.call1.set#return	observed._bash_reading#call1.result	UNRESOLVED
observed._bash_reading.call10.bool#return	observed._bash_reading#call10.result	UNRESOLVED
observed._bash_reading.call11._REDIRECT_RX.match#return	observed._bash_reading#call11.result	UNRESOLVED
observed._bash_reading.call12.objects.update#return	observed._bash_reading#call12.result	UNRESOLVED
observed._bash_reading.call14.bool#return	observed._bash_reading#call14.result	UNRESOLVED
observed._bash_reading.call15._REDIRECT_RX.match#return	observed._bash_reading#call15.result	UNRESOLVED
observed._bash_reading.call16.bool#return	observed._bash_reading#call16.result	UNRESOLVED
observed._bash_reading.call17.nxt.isdigit#return	observed._bash_reading#call17.result	UNRESOLVED
observed._bash_reading.call18.nxt.startswith#return	observed._bash_reading#call18.result	UNRESOLVED
observed._bash_reading.call19.written.update#return	observed._bash_reading#call19.result	UNRESOLVED
observed._bash_reading.call2.set#return	observed._bash_reading#call2.result	UNRESOLVED
observed._bash_reading.call21.maybe_new.update#return	observed._bash_reading#call21.result	UNRESOLVED
observed._bash_reading.call23.words.extend#return	observed._bash_reading#call23.result	UNRESOLVED
observed._bash_reading.call24.w.startswith#return	observed._bash_reading#call24.result	UNRESOLVED
observed._bash_reading.call25.w.isdigit#return	observed._bash_reading#call25.result	UNRESOLVED
observed._bash_reading.call26.any#return	observed._bash_reading#call26.result	UNRESOLVED
observed._bash_reading.call27.c.isspace#return	observed._bash_reading#call27.result	UNRESOLVED
observed._bash_reading.call28.objects.update#return	observed._bash_reading#call28.result	UNRESOLVED
observed._bash_reading.call3.set#return	observed._bash_reading#call3.result	UNRESOLVED
observed._bash_reading.call30.objects.update#return	observed._bash_reading#call30.result	UNRESOLVED
observed._bash_reading.call32._WRITERS.get(program, _w_none)#return	observed._bash_reading#call32.result	UNRESOLVED
observed._bash_reading.call33._WRITERS.get#return	observed._bash_reading#call33.result	UNRESOLVED
observed._bash_reading.call35.written.update#return	observed._bash_reading#call35.result	UNRESOLVED
observed._bash_reading.call36.maybe_new.update#return	observed._bash_reading#call36.result	UNRESOLVED
observed._bash_reading.call37.created.update#return	observed._bash_reading#call37.result	UNRESOLVED
observed._bash_reading.call39.objects.update#return	observed._bash_reading#call39.result	UNRESOLVED
observed._bash_reading.call40.objects.update#return	observed._bash_reading#call40.result	UNRESOLVED
observed._bash_reading.call42.rx.finditer#return	observed._bash_reading#call42.result	UNRESOLVED
observed._bash_reading.call43.written.add#return	observed._bash_reading#call43.result	UNRESOLVED
observed._bash_reading.call45.m.group#return	observed._bash_reading#call45.result	UNRESOLVED
observed._bash_reading.call46.maybe_new.add#return	observed._bash_reading#call46.result	UNRESOLVED
observed._bash_reading.call48.m.group#return	observed._bash_reading#call48.result	UNRESOLVED
observed._bash_reading.call49.s.discard#return	observed._bash_reading#call49.result	UNRESOLVED
observed._bash_reading.call6.list#return	observed._bash_reading#call6.result	UNRESOLVED
observed._bash_reading.call8.enumerate#return	observed._bash_reading#call8.result	UNRESOLVED
observed._bash_reading.call9.len#return	observed._bash_reading#call9.result	UNRESOLVED
observed._effective_argv#call0.arg0	observed._effective_argv.call0.list#arg0	UNRESOLVED
observed._effective_argv#call0.invoke	observed._effective_argv.call0.list#invoke	Unit
observed._effective_argv#call1.arg0	observed._effective_argv.call1._ASSIGNMENT_RX.fullmatch#arg0	UNRESOLVED
observed._effective_argv#call1.invoke	observed._effective_argv.call1._ASSIGNMENT_RX.fullmatch#invoke	Unit
observed._effective_argv#call10.arg0	observed._effective_argv.call10._TIMEOUT_DURATION_RX.fullmatch#arg0	UNRESOLVED
observed._effective_argv#call10.invoke	observed._effective_argv.call10._TIMEOUT_DURATION_RX.fullmatch#invoke	Unit
observed._effective_argv#call11.arg0	observed._effective_argv.call11.argv.pop#arg0	int
observed._effective_argv#call11.invoke	observed._effective_argv.call11.argv.pop#invoke	Unit
observed._effective_argv#call2.arg0	observed._effective_argv.call2.argv.pop#arg0	int
observed._effective_argv#call2.invoke	observed._effective_argv.call2.argv.pop#invoke	Unit
observed._effective_argv#call3.arg0	observed._basename#word	UNRESOLVED
observed._effective_argv#call3.invoke	observed._basename#invoke	Unit
observed._effective_argv#call4.arg0	observed._basename#word	UNRESOLVED
observed._effective_argv#call4.invoke	observed._basename#invoke	Unit
observed._effective_argv#call5.arg0	observed._effective_argv.call5.argv.pop#arg0	int
observed._effective_argv#call5.invoke	observed._effective_argv.call5.argv.pop#invoke	Unit
observed._effective_argv#call6.arg0	observed._effective_argv.call6.argv[0].startswith#arg0	str
observed._effective_argv#call6.invoke	observed._effective_argv.call6.argv[0].startswith#invoke	Unit
observed._effective_argv#call7.arg0	observed._effective_argv.call7._ASSIGNMENT_RX.fullmatch#arg0	UNRESOLVED
observed._effective_argv#call7.invoke	observed._effective_argv.call7._ASSIGNMENT_RX.fullmatch#invoke	Unit
observed._effective_argv#call8.arg0	observed._effective_argv.call8.argv.pop#arg0	int
observed._effective_argv#call8.invoke	observed._effective_argv.call8.argv.pop#invoke	Unit
observed._effective_argv#call9.arg0	observed._effective_argv.call9.argv.pop#arg0	int
observed._effective_argv#call9.invoke	observed._effective_argv.call9.argv.pop#invoke	Unit
observed._effective_argv#return	observed._bash_reading#call5.result	UNRESOLVED
observed._effective_argv#return	observed._segments#call17.result	UNRESOLVED
observed._effective_argv#return	observed._segments#call9.result	UNRESOLVED
observed._effective_argv.call0.list#return	observed._effective_argv#call0.result	UNRESOLVED
observed._effective_argv.call1._ASSIGNMENT_RX.fullmatch#return	observed._effective_argv#call1.result	UNRESOLVED
observed._effective_argv.call10._TIMEOUT_DURATION_RX.fullmatch#return	observed._effective_argv#call10.result	UNRESOLVED
observed._effective_argv.call11.argv.pop#return	observed._effective_argv#call11.result	UNRESOLVED
observed._effective_argv.call2.argv.pop#return	observed._effective_argv#call2.result	UNRESOLVED
observed._effective_argv.call5.argv.pop#return	observed._effective_argv#call5.result	UNRESOLVED
observed._effective_argv.call6.argv[0].startswith#return	observed._effective_argv#call6.result	UNRESOLVED
observed._effective_argv.call7._ASSIGNMENT_RX.fullmatch#return	observed._effective_argv#call7.result	UNRESOLVED
observed._effective_argv.call8.argv.pop#return	observed._effective_argv#call8.result	UNRESOLVED
observed._effective_argv.call9.argv.pop#return	observed._effective_argv#call9.result	UNRESOLVED
observed._executed#call0.arg0	observed._executed.call0.bool#arg0	UNRESOLVED
observed._executed#call0.invoke	observed._executed.call0.bool#invoke	Unit
observed._executed#call1.invoke	observed._executed.call1.o.output.strip#invoke	Unit
observed._executed#call2.arg0	observed._executed.call2._DENIAL_RX.search#arg0	UNRESOLVED
observed._executed#call2.invoke	observed._executed.call2._DENIAL_RX.search#invoke	Unit
observed._executed#return	observed.Record.observed#call5.result	bool
observed._executed#return	observed.record#call10.result	bool
observed._executed.call0.bool#return	observed._executed#call0.result	UNRESOLVED
observed._executed.call1.o.output.strip#return	observed._executed#call1.result	UNRESOLVED
observed._executed.call2._DENIAL_RX.search#return	observed._executed#call2.result	UNRESOLVED
observed._exit_of#call0.arg0	observed._exit_of.call0.isinstance#arg0	UNRESOLVED
observed._exit_of#call0.arg1	observed._exit_of.call0.isinstance#arg1	UNRESOLVED
observed._exit_of#call0.invoke	observed._exit_of.call0.isinstance#invoke	Unit
observed._exit_of#call1.arg0	observed._exit_of.call1.tr.get#arg0	UNRESOLVED
observed._exit_of#call1.invoke	observed._exit_of.call1.tr.get#invoke	Unit
observed._exit_of#call2.arg0	observed._exit_of.call2.isinstance#arg0	UNRESOLVED
observed._exit_of#call2.arg1	observed._exit_of.call2.isinstance#arg1	UNRESOLVED
observed._exit_of#call2.invoke	observed._exit_of.call2.isinstance#invoke	Unit
observed._exit_of#call3.arg0	observed._exit_of.call3.isinstance#arg0	UNRESOLVED
observed._exit_of#call3.arg1	observed._exit_of.call3.isinstance#arg1	UNRESOLVED
observed._exit_of#call3.invoke	observed._exit_of.call3.isinstance#invoke	Unit
observed._exit_of#call4.arg0	observed._exit_of.call4._EXIT_RX.search#arg0	UNRESOLVED
observed._exit_of#call4.invoke	observed._exit_of.call4._EXIT_RX.search#invoke	Unit
observed._exit_of#call5.arg0	observed._exit_of.call5.int#arg0	UNRESOLVED
observed._exit_of#call5.invoke	observed._exit_of.call5.int#invoke	Unit
observed._exit_of#call6.arg0	observed._exit_of.call6.m.group#arg0	int
observed._exit_of#call6.invoke	observed._exit_of.call6.m.group#invoke	Unit
observed._exit_of#return	observed._read#call13.result	Optional[int]
observed._exit_of.call0.isinstance#return	observed._exit_of#call0.result	UNRESOLVED
observed._exit_of.call1.tr.get#return	observed._exit_of#call1.result	UNRESOLVED
observed._exit_of.call2.isinstance#return	observed._exit_of#call2.result	UNRESOLVED
observed._exit_of.call3.isinstance#return	observed._exit_of#call3.result	UNRESOLVED
observed._exit_of.call4._EXIT_RX.search#return	observed._exit_of#call4.result	UNRESOLVED
observed._exit_of.call5.int#return	observed._exit_of#call5.result	UNRESOLVED
observed._exit_of.call6.m.group#return	observed._exit_of#call6.result	UNRESOLVED
observed._flatten#call0.arg0	observed._flatten.call0.isinstance#arg0	UNRESOLVED
observed._flatten#call0.arg1	observed._flatten.call0.isinstance#arg1	UNRESOLVED
observed._flatten#call0.invoke	observed._flatten.call0.isinstance#invoke	Unit
observed._flatten#call1.arg0	observed._flatten.call1.isinstance#arg0	UNRESOLVED
observed._flatten#call1.arg1	observed._flatten.call1.isinstance#arg1	UNRESOLVED
observed._flatten#call1.invoke	observed._flatten.call1.isinstance#invoke	Unit
observed._flatten#call10.arg0	observed._flatten.call10.isinstance#arg0	UNRESOLVED
observed._flatten#call10.arg1	observed._flatten.call10.isinstance#arg1	UNRESOLVED
observed._flatten#call10.invoke	observed._flatten.call10.isinstance#invoke	Unit
observed._flatten#call11.arg0	observed._flatten#value	UNRESOLVED
observed._flatten#call11.invoke	observed._flatten#invoke	Unit
observed._flatten#call12.arg0	observed._flatten.call12.f.get#arg0	str
observed._flatten#call12.invoke	observed._flatten.call12.f.get#invoke	Unit
observed._flatten#call13.arg0	observed._flatten.call13.value.get#arg0	str
observed._flatten#call13.invoke	observed._flatten.call13.value.get#invoke	Unit
observed._flatten#call14.arg0	observed._flatten.call14.parts.append#arg0	UNRESOLVED
observed._flatten#call14.invoke	observed._flatten.call14.parts.append#invoke	Unit
observed._flatten#call15.arg0	observed._flatten.call15.isinstance#arg0	UNRESOLVED
observed._flatten#call15.arg1	observed._flatten.call15.isinstance#arg1	UNRESOLVED
observed._flatten#call15.invoke	observed._flatten.call15.isinstance#invoke	Unit
observed._flatten#call16.arg0	observed._flatten.call16.'\n'.join#arg0	UNRESOLVED
observed._flatten#call16.invoke	observed._flatten.call16.'\n'.join#invoke	Unit
observed._flatten#call17.arg0	observed._flatten.call17.str#arg0	UNRESOLVED
observed._flatten#call17.invoke	observed._flatten.call17.str#invoke	Unit
observed._flatten#call18.arg0	observed._flatten.call18.'\n'.join#arg0	UNRESOLVED
observed._flatten#call18.invoke	observed._flatten.call18.'\n'.join#invoke	Unit
observed._flatten#call2.arg0	observed._flatten.call2.'\n'.join#arg0	UNRESOLVED
observed._flatten#call2.invoke	observed._flatten.call2.'\n'.join#invoke	Unit
observed._flatten#call3.arg0	observed._flatten.call3.filter#arg0	NoneType
observed._flatten#call3.arg1	observed._flatten.call3.filter#arg1	UNRESOLVED
observed._flatten#call3.invoke	observed._flatten.call3.filter#invoke	Unit
observed._flatten#call4.arg0	observed._flatten#value	UNRESOLVED
observed._flatten#call4.invoke	observed._flatten#invoke	Unit
observed._flatten#call5.arg0	observed._flatten.call5.isinstance#arg0	UNRESOLVED
observed._flatten#call5.arg1	observed._flatten.call5.isinstance#arg1	UNRESOLVED
observed._flatten#call5.invoke	observed._flatten.call5.isinstance#invoke	Unit
observed._flatten#call6.arg0	observed._flatten#value	UNRESOLVED
observed._flatten#call6.invoke	observed._flatten#invoke	Unit
observed._flatten#call7.arg0	observed._flatten.call7.value.get#arg0	UNRESOLVED
observed._flatten#call7.invoke	observed._flatten.call7.value.get#invoke	Unit
observed._flatten#call8.arg0	observed._flatten.call8.value.get#arg0	str
observed._flatten#call8.invoke	observed._flatten.call8.value.get#invoke	Unit
observed._flatten#call9.arg0	observed._flatten.call9.parts.append#arg0	UNRESOLVED
observed._flatten#call9.invoke	observed._flatten.call9.parts.append#invoke	Unit
observed._flatten#return	observed._flatten#call11.result	str
observed._flatten#return	observed._flatten#call4.result	str
observed._flatten#return	observed._flatten#call6.result	str
observed._flatten#return	observed._read#call10.result	str
observed._flatten#return	observed._read#call11.result	str
observed._flatten.call0.isinstance#return	observed._flatten#call0.result	UNRESOLVED
observed._flatten.call1.isinstance#return	observed._flatten#call1.result	UNRESOLVED
observed._flatten.call10.isinstance#return	observed._flatten#call10.result	UNRESOLVED
observed._flatten.call12.f.get#return	observed._flatten#call12.result	UNRESOLVED
observed._flatten.call13.value.get#return	observed._flatten#call13.result	UNRESOLVED
observed._flatten.call14.parts.append#return	observed._flatten#call14.result	UNRESOLVED
observed._flatten.call15.isinstance#return	observed._flatten#call15.result	UNRESOLVED
observed._flatten.call16.'\n'.join#return	observed._flatten#call16.result	UNRESOLVED
observed._flatten.call17.str#return	observed._flatten#call17.result	UNRESOLVED
observed._flatten.call18.'\n'.join#return	observed._flatten#call18.result	UNRESOLVED
observed._flatten.call2.'\n'.join#return	observed._flatten#call2.result	UNRESOLVED
observed._flatten.call3.filter#return	observed._flatten#call3.result	UNRESOLVED
observed._flatten.call5.isinstance#return	observed._flatten#call5.result	UNRESOLVED
observed._flatten.call7.value.get#return	observed._flatten#call7.result	UNRESOLVED
observed._flatten.call8.value.get#return	observed._flatten#call8.result	UNRESOLVED
observed._flatten.call9.parts.append#return	observed._flatten#call9.result	UNRESOLVED
observed._input_objects#call0.arg0	observed._input_objects.call0.set().union#arg0	UNRESOLVED
observed._input_objects#call0.invoke	observed._input_objects.call0.set().union#invoke	Unit
observed._input_objects#call1.invoke	observed._input_objects.call1.set#invoke	Unit
observed._input_objects#call2.arg0	observed._value_objects#key	UNRESOLVED
observed._input_objects#call2.arg1	observed._value_objects#value	UNRESOLVED
observed._input_objects#call2.arg2	observed._value_objects#cwd	str
observed._input_objects#call2.invoke	observed._value_objects#invoke	Unit
observed._input_objects#call3.arg0	observed._input_objects.call3.sorted#arg0	UNRESOLVED
observed._input_objects#call3.invoke	observed._input_objects.call3.sorted#invoke	Unit
observed._input_objects#call4.invoke	observed._input_objects.call4.set#invoke	Unit
observed._input_objects#call5.arg0	observed._input_objects.call5.out.discard#arg0	str
observed._input_objects#call5.invoke	observed._input_objects.call5.out.discard#invoke	Unit
observed._input_objects#return	observed.Record.objects_of#call7.result	UNRESOLVED
observed._input_objects#return	observed._read#call21.result	UNRESOLVED
observed._input_objects#return	observed._value_objects#call1.result	UNRESOLVED
observed._input_objects.call0.set().union#return	observed._input_objects#call0.result	UNRESOLVED
observed._input_objects.call1.set#return	observed._input_objects#call1.result	UNRESOLVED
observed._input_objects.call3.sorted#return	observed._input_objects#call3.result	UNRESOLVED
observed._input_objects.call4.set#return	observed._input_objects#call4.result	UNRESOLVED
observed._input_objects.call5.out.discard#return	observed._input_objects#call5.result	UNRESOLVED
observed._nested_command#call0.arg0	observed._basename#word	UNRESOLVED
observed._nested_command#call0.invoke	observed._basename#invoke	Unit
observed._nested_command#call1.arg0	observed._basename#word	UNRESOLVED
observed._nested_command#call1.invoke	observed._basename#invoke	Unit
observed._nested_command#call2.arg0	observed._nested_command.call2.a.startswith#arg0	str
observed._nested_command#call2.invoke	observed._nested_command.call2.a.startswith#invoke	Unit
observed._nested_command#call3.arg0	observed._nested_command.call3.len#arg0	UNRESOLVED
observed._nested_command#call3.invoke	observed._nested_command.call3.len#invoke	Unit
observed._nested_command#call4.arg0	observed._nested_command.call4.' '.join#arg0	UNRESOLVED
observed._nested_command#call4.invoke	observed._nested_command.call4.' '.join#invoke	Unit
observed._nested_command#call5.arg0	observed._nested_command.call5.effective.index#arg0	str
observed._nested_command#call5.arg1	observed._nested_command.call5.effective.index#arg1	int
observed._nested_command#call5.invoke	observed._nested_command.call5.effective.index#invoke	Unit
observed._nested_command#call6.arg0	observed._nested_command.call6.len#arg0	UNRESOLVED
observed._nested_command#call6.invoke	observed._nested_command.call6.len#invoke	Unit
observed._nested_command#call7.arg0	observed._nested_command.call7.len#arg0	UNRESOLVED
observed._nested_command#call7.invoke	observed._nested_command.call7.len#invoke	Unit
observed._nested_command#return	observed._segments#call16.result	UNRESOLVED
observed._nested_command.call2.a.startswith#return	observed._nested_command#call2.result	UNRESOLVED
observed._nested_command.call3.len#return	observed._nested_command#call3.result	UNRESOLVED
observed._nested_command.call4.' '.join#return	observed._nested_command#call4.result	UNRESOLVED
observed._nested_command.call5.effective.index#return	observed._nested_command#call5.result	UNRESOLVED
observed._nested_command.call6.len#return	observed._nested_command#call6.result	UNRESOLVED
observed._nested_command.call7.len#return	observed._nested_command#call7.result	UNRESOLVED
observed._norm#call0.arg0	observed._norm.call0._LINE_REF_RX.sub#arg0	str
observed._norm#call0.arg1	observed._norm.call0._LINE_REF_RX.sub#arg1	UNRESOLVED
observed._norm#call0.invoke	observed._norm.call0._LINE_REF_RX.sub#invoke	Unit
observed._norm#call1.arg0	observed._norm.call1.str(token or '').strip().strip(_EDGE_PUNCT).replace#arg0	str
observed._norm#call1.arg1	observed._norm.call1.str(token or '').strip().strip(_EDGE_PUNCT).replace#arg1	str
observed._norm#call1.invoke	observed._norm.call1.str(token or '').strip().strip(_EDGE_PUNCT).replace#invoke	Unit
observed._norm#call10.arg0	observed._norm.call10.cwd.startswith#arg0	str
observed._norm#call10.invoke	observed._norm.call10.cwd.startswith#invoke	Unit
observed._norm#call11.arg0	observed._norm.call11.posixpath.join#arg0	str
observed._norm#call11.arg1	observed._norm.call11.posixpath.join#arg1	UNRESOLVED
observed._norm#call11.invoke	observed._norm.call11.posixpath.join#invoke	Unit
observed._norm#call12.arg0	observed._norm.call12.posixpath.normpath#arg0	UNRESOLVED
observed._norm#call12.invoke	observed._norm.call12.posixpath.normpath#invoke	Unit
observed._norm#call2.arg0	observed._norm.call2.str(token or '').strip().strip#arg0	UNRESOLVED
observed._norm#call2.invoke	observed._norm.call2.str(token or '').strip().strip#invoke	Unit
observed._norm#call3.invoke	observed._norm.call3.str(token or '').strip#invoke	Unit
observed._norm#call4.arg0	observed._norm.call4.str#arg0	UNRESOLVED
observed._norm#call4.invoke	observed._norm.call4.str#invoke	Unit
observed._norm#call5.arg0	observed._norm.call5._URL_RX.fullmatch#arg0	UNRESOLVED
observed._norm#call5.invoke	observed._norm.call5._URL_RX.fullmatch#invoke	Unit
observed._norm#call6.arg0	observed._norm.call6._RATIO_RX.fullmatch#arg0	UNRESOLVED
observed._norm#call6.invoke	observed._norm.call6._RATIO_RX.fullmatch#invoke	Unit
observed._norm#call7.arg0	observed._norm.call7.t.startswith#arg0	str
observed._norm#call7.invoke	observed._norm.call7.t.startswith#invoke	Unit
observed._norm#call8.arg0	observed._norm.call8.os.path.expanduser#arg0	UNRESOLVED
observed._norm#call8.invoke	observed._norm.call8.os.path.expanduser#invoke	Unit
observed._norm#call9.arg0	observed._norm.call9.t.startswith#arg0	str
observed._norm#call9.invoke	observed._norm.call9.t.startswith#invoke	Unit
observed._norm#return	observed.Record.observed#call3.result	str
observed._norm#return	observed._bash_reading#call13.result	str
observed._norm#return	observed._bash_reading#call20.result	str
observed._norm#return	observed._bash_reading#call22.result	str
observed._norm#return	observed._bash_reading#call31.result	str
observed._norm#return	observed._bash_reading#call34.result	str
observed._norm#return	observed._bash_reading#call44.result	str
observed._norm#return	observed._bash_reading#call47.result	str
observed._norm#return	observed._read#call27.result	str
observed._norm#return	observed._read#call33.result	str
observed._norm#return	observed._read#call43.result	str
observed._norm#return	observed._search_of#call11.result	str
observed._norm#return	observed._search_of#call14.result	str
observed._norm#return	observed._search_of#call6.result	str
observed._norm#return	observed._text_objects#call18.result	str
observed._norm#return	observed._value_objects#call9.result	str
observed._norm.call0._LINE_REF_RX.sub#return	observed._norm#call0.result	UNRESOLVED
observed._norm.call1.str(token or '').strip().strip(_EDGE_PUNCT).replace#return	observed._norm#call1.result	UNRESOLVED
observed._norm.call10.cwd.startswith#return	observed._norm#call10.result	UNRESOLVED
observed._norm.call11.posixpath.join#return	observed._norm#call11.result	UNRESOLVED
observed._norm.call12.posixpath.normpath#return	observed._norm#call12.result	UNRESOLVED
observed._norm.call2.str(token or '').strip().strip#return	observed._norm#call2.result	UNRESOLVED
observed._norm.call3.str(token or '').strip#return	observed._norm#call3.result	UNRESOLVED
observed._norm.call4.str#return	observed._norm#call4.result	UNRESOLVED
observed._norm.call5._URL_RX.fullmatch#return	observed._norm#call5.result	UNRESOLVED
observed._norm.call6._RATIO_RX.fullmatch#return	observed._norm#call6.result	UNRESOLVED
observed._norm.call7.t.startswith#return	observed._norm#call7.result	UNRESOLVED
observed._norm.call8.os.path.expanduser#return	observed._norm#call8.result	UNRESOLVED
observed._norm.call9.t.startswith#return	observed._norm#call9.result	UNRESOLVED
observed._normalize_segment_argv#call0.arg0	observed._normalize_segment_argv.call0._HEAD_SUBSTITUTION_RX.match#arg0	UNRESOLVED
observed._normalize_segment_argv#call0.invoke	observed._normalize_segment_argv.call0._HEAD_SUBSTITUTION_RX.match#invoke	Unit
observed._normalize_segment_argv#call1.arg0	observed._normalize_segment_argv.call1.len#arg0	UNRESOLVED
observed._normalize_segment_argv#call1.invoke	observed._normalize_segment_argv.call1.len#invoke	Unit
observed._normalize_segment_argv#call10.arg0	observed._normalize_segment_argv.call10.argv[-1].endswith#arg0	str
observed._normalize_segment_argv#call10.invoke	observed._normalize_segment_argv.call10.argv[-1].endswith#invoke	Unit
observed._normalize_segment_argv#call11.arg0	observed._normalize_segment_argv.call11.argv[-1].rstrip#arg0	str
observed._normalize_segment_argv#call11.invoke	observed._normalize_segment_argv.call11.argv[-1].rstrip#invoke	Unit
observed._normalize_segment_argv#call2.invoke	observed._normalize_segment_argv.call2.m.end#invoke	Unit
observed._normalize_segment_argv#call3.invoke	observed._normalize_segment_argv.call3.m.end#invoke	Unit
observed._normalize_segment_argv#call4.arg0	observed._normalize_segment_argv.call4.m.group(0).endswith#arg0	str
observed._normalize_segment_argv#call4.invoke	observed._normalize_segment_argv.call4.m.group(0).endswith#invoke	Unit
observed._normalize_segment_argv#call5.arg0	observed._normalize_segment_argv.call5.m.group#arg0	int
observed._normalize_segment_argv#call5.invoke	observed._normalize_segment_argv.call5.m.group#invoke	Unit
observed._normalize_segment_argv#call6.arg0	observed._normalize_segment_argv.call6.enumerate#arg0	UNRESOLVED
observed._normalize_segment_argv#call6.invoke	observed._normalize_segment_argv.call6.enumerate#invoke	Unit
observed._normalize_segment_argv#call7.arg0	observed._normalize_segment_argv.call7.tok.endswith#arg0	UNRESOLVED
observed._normalize_segment_argv#call7.invoke	observed._normalize_segment_argv.call7.tok.endswith#invoke	Unit
observed._normalize_segment_argv#call8.arg0	observed._normalize_segment_argv.call8.argv[0].startswith#arg0	str
observed._normalize_segment_argv#call8.invoke	observed._normalize_segment_argv.call8.argv[0].startswith#invoke	Unit
observed._normalize_segment_argv#call9.arg0	observed._normalize_segment_argv.call9.argv[0].lstrip#arg0	str
observed._normalize_segment_argv#call9.invoke	observed._normalize_segment_argv.call9.argv[0].lstrip#invoke	Unit
observed._normalize_segment_argv#return	observed._segments.close_segment#call0.result	UNRESOLVED
observed._normalize_segment_argv.call0._HEAD_SUBSTITUTION_RX.match#return	observed._normalize_segment_argv#call0.result	UNRESOLVED
observed._normalize_segment_argv.call1.len#return	observed._normalize_segment_argv#call1.result	UNRESOLVED
observed._normalize_segment_argv.call10.argv[-1].endswith#return	observed._normalize_segment_argv#call10.result	UNRESOLVED
observed._normalize_segment_argv.call11.argv[-1].rstrip#return	observed._normalize_segment_argv#call11.result	UNRESOLVED
observed._normalize_segment_argv.call2.m.end#return	observed._normalize_segment_argv#call2.result	UNRESOLVED
observed._normalize_segment_argv.call3.m.end#return	observed._normalize_segment_argv#call3.result	UNRESOLVED
observed._normalize_segment_argv.call4.m.group(0).endswith#return	observed._normalize_segment_argv#call4.result	UNRESOLVED
observed._normalize_segment_argv.call5.m.group#return	observed._normalize_segment_argv#call5.result	UNRESOLVED
observed._normalize_segment_argv.call6.enumerate#return	observed._normalize_segment_argv#call6.result	UNRESOLVED
observed._normalize_segment_argv.call7.tok.endswith#return	observed._normalize_segment_argv#call7.result	UNRESOLVED
observed._normalize_segment_argv.call8.argv[0].startswith#return	observed._normalize_segment_argv#call8.result	UNRESOLVED
observed._normalize_segment_argv.call9.argv[0].lstrip#return	observed._normalize_segment_argv#call9.result	UNRESOLVED
observed._read#call0.arg0	observed._read.call0.str#arg0	UNRESOLVED
observed._read#call0.invoke	observed._read.call0.str#invoke	Unit
observed._read#call1.arg0	observed._read.call1.ev.get#arg0	str
observed._read#call1.invoke	observed._read.call1.ev.get#invoke	Unit
observed._read#call10.arg0	observed._flatten#value	UNRESOLVED
observed._read#call10.invoke	observed._flatten#invoke	Unit
observed._read#call11.arg0	observed._flatten#value	UNRESOLVED
observed._read#call11.invoke	observed._flatten#invoke	Unit
observed._read#call12.arg0	observed._read.call12.ev.get#arg0	str
observed._read#call12.invoke	observed._read.call12.ev.get#invoke	Unit
observed._read#call13.arg0	observed._exit_of#tr	UNRESOLVED
observed._read#call13.arg1	observed._exit_of#output	UNRESOLVED
observed._read#call13.invoke	observed._exit_of#invoke	Unit
observed._read#call14.arg0	observed._read.call14.ev.get#arg0	str
observed._read#call14.invoke	observed._read.call14.ev.get#invoke	Unit
observed._read#call15.arg0	observed._read.call15.bool#arg0	UNRESOLVED
observed._read#call15.invoke	observed._read.call15.bool#invoke	Unit
observed._read#call16.arg0	observed._read.call16.trd.get#arg0	str
observed._read#call16.invoke	observed._read.call16.trd.get#invoke	Unit
observed._read#call17.arg0	observed._read.call17.trd.get#arg0	str
observed._read#call17.invoke	observed._read.call17.trd.get#invoke	Unit
observed._read#call18.arg0	observed._read.call18.trd.get#arg0	str
observed._read#call18.invoke	observed._read.call18.trd.get#invoke	Unit
observed._read#call19.arg0	observed._read.call19.bool#arg0	UNRESOLVED
observed._read#call19.invoke	observed._read.call19.bool#invoke	Unit
observed._read#call2.arg0	observed._read.call2.isinstance#arg0	UNRESOLVED
observed._read#call2.arg1	observed._read.call2.isinstance#arg1	UNRESOLVED
observed._read#call2.invoke	observed._read.call2.isinstance#invoke	Unit
observed._read#call20.arg0	observed._read.call20._DENIAL_RX.search#arg0	UNRESOLVED
observed._read#call20.invoke	observed._read.call20._DENIAL_RX.search#invoke	Unit
observed._read#call21.arg0	observed._input_objects#ti	UNRESOLVED
observed._read#call21.arg1	observed._input_objects#cwd	UNRESOLVED
observed._read#call21.invoke	observed._input_objects#invoke	Unit
observed._read#call22.invoke	observed._read.call22.set#invoke	Unit
observed._read#call23.invoke	observed._read.call23.set#invoke	Unit
observed._read#call24.arg0	observed._read.call24.ti.get#arg0	str
observed._read#call24.invoke	observed._read.call24.ti.get#invoke	Unit
observed._read#call25.arg0	observed._read.call25.isinstance#arg0	UNRESOLVED
observed._read#call25.arg1	observed._read.call25.isinstance#arg1	UNRESOLVED
observed._read#call25.invoke	observed._read.call25.isinstance#invoke	Unit
observed._read#call26.arg0	observed._bash_reading#command	UNRESOLVED
observed._read#call26.arg1	observed._bash_reading#cwd	UNRESOLVED
observed._read#call26.arg2	observed._bash_reading#output	UNRESOLVED
observed._read#call26.invoke	observed._bash_reading#invoke	Unit
observed._read#call27.arg0	observed._norm#token	UNRESOLVED
observed._read#call27.arg1	observed._norm#cwd	UNRESOLVED
observed._read#call27.invoke	observed._norm#invoke	Unit
observed._read#call28.arg0	observed._read.call28.ti.get#arg0	str
observed._read#call28.invoke	observed._read.call28.ti.get#invoke	Unit
observed._read#call29.arg0	observed._read.call29.ti.get#arg0	str
observed._read#call29.invoke	observed._read.call29.ti.get#invoke	Unit
observed._read#call3.arg0	observed._read.call3.ev.get#arg0	str
observed._read#call3.invoke	observed._read.call3.ev.get#invoke	Unit
observed._read#call30.arg0	observed._read.call30.trd.get#arg0	str
observed._read#call30.invoke	observed._read.call30.trd.get#invoke	Unit
observed._read#call31.invoke	observed._read.call31.set#invoke	Unit
observed._read#call32.invoke	observed._read.call32.set#invoke	Unit
observed._read#call33.arg0	observed._norm#token	UNRESOLVED
observed._read#call33.arg1	observed._norm#cwd	UNRESOLVED
observed._read#call33.invoke	observed._norm#invoke	Unit
observed._read#call34.arg0	observed._read.call34.ti.get#arg0	str
observed._read#call34.invoke	observed._read.call34.ti.get#invoke	Unit
observed._read#call35.arg0	observed._read.call35.trd.get#arg0	str
observed._read#call35.invoke	observed._read.call35.trd.get#invoke	Unit
observed._read#call36.invoke	observed._read.call36.output.strip#invoke	Unit
observed._read#call37.invoke	observed._read.call37.output.strip#invoke	Unit
observed._read#call38.arg0	observed._read.call38.trd.get#arg0	str
observed._read#call38.invoke	observed._read.call38.trd.get#invoke	Unit
observed._read#call39.arg0	observed._read.call39.str#arg0	UNRESOLVED
observed._read#call39.invoke	observed._read.call39.str#invoke	Unit
observed._read#call4.arg0	observed._read.call4.ev.get#arg0	str
observed._read#call4.invoke	observed._read.call4.ev.get#invoke	Unit
observed._read#call40.arg0	observed._read.call40.ti.get#arg0	str
observed._read#call40.invoke	observed._read.call40.ti.get#invoke	Unit
observed._read#call41.arg0	observed._read.call41.bool#arg0	UNRESOLVED
observed._read#call41.invoke	observed._read.call41.bool#invoke	Unit
observed._read#call42.arg0	observed._read.call42.objects.update#arg0	UNRESOLVED
observed._read#call42.invoke	observed._read.call42.objects.update#invoke	Unit
observed._read#call43.arg0	observed._norm#token	UNRESOLVED
observed._read#call43.arg1	observed._norm#cwd	UNRESOLVED
observed._read#call43.invoke	observed._norm#invoke	Unit
observed._read#call44.arg0	observed._read.call44.str#arg0	UNRESOLVED
observed._read#call44.invoke	observed._read.call44.str#invoke	Unit
observed._read#call45.arg0	observed._read.call45.isinstance#arg0	UNRESOLVED
observed._read#call45.arg1	observed._read.call45.isinstance#arg1	UNRESOLVED
observed._read#call45.invoke	observed._read.call45.isinstance#invoke	Unit
observed._read#call46.arg0	observed._text_objects#text	UNRESOLVED
observed._read#call46.arg1	observed._text_objects#cwd	UNRESOLVED
observed._read#call46.invoke	observed._text_objects#invoke	Unit
observed._read#call47.arg0	observed._read.call47.objects.discard#arg0	str
observed._read#call47.invoke	observed._read.call47.objects.discard#invoke	Unit
observed._read#call48.arg0	observed._read.call48.tool.endswith#arg0	UNRESOLVED
observed._read#call48.invoke	observed._read.call48.tool.endswith#invoke	Unit
observed._read#call49.arg0	observed._read.call49.'\n'.join#arg0	UNRESOLVED
observed._read#call49.invoke	observed._read.call49.'\n'.join#invoke	Unit
observed._read#call5.arg0	observed._read.call5.str#arg0	UNRESOLVED
observed._read#call5.invoke	observed._read.call5.str#invoke	Unit
observed._read#call50.arg0	observed._read.call50.isinstance#arg0	UNRESOLVED
observed._read#call50.arg1	observed._read.call50.isinstance#arg1	UNRESOLVED
observed._read#call50.invoke	observed._read.call50.isinstance#invoke	Unit
observed._read#call51.arg0	observed._read.call51.ti.get#arg0	UNRESOLVED
observed._read#call51.invoke	observed._read.call51.ti.get#invoke	Unit
observed._read#call52.invoke	observed._read.call52.Obs#invoke	Unit
observed._read#call52.kw.created	observed._read.call52.Obs#created	UNRESOLVED
observed._read#call52.kw.exit	observed._read.call52.Obs#exit	UNRESOLVED
observed._read#call52.kw.failed	observed._read.call52.Obs#failed	UNRESOLVED
observed._read#call52.kw.input	observed._read.call52.Obs#input	UNRESOLVED
observed._read#call52.kw.objects	observed._read.call52.Obs#objects	UNRESOLVED
observed._read#call52.kw.output	observed._read.call52.Obs#output	UNRESOLVED
observed._read#call52.kw.search	observed._read.call52.Obs#search	UNRESOLVED
observed._read#call52.kw.send	observed._read.call52.Obs#send	UNRESOLVED
observed._read#call52.kw.seq	observed._read.call52.Obs#seq	int
observed._read#call52.kw.tool	observed._read.call52.Obs#tool	UNRESOLVED
observed._read#call52.kw.written	observed._read.call52.Obs#written	UNRESOLVED
observed._read#call53.arg0	observed._read.call53.dict#arg0	UNRESOLVED
observed._read#call53.invoke	observed._read.call53.dict#invoke	Unit
observed._read#call54.arg0	observed._read.call54.frozenset#arg0	UNRESOLVED
observed._read#call54.invoke	observed._read.call54.frozenset#invoke	Unit
observed._read#call55.arg0	observed._read.call55.frozenset#arg0	UNRESOLVED
observed._read#call55.invoke	observed._read.call55.frozenset#invoke	Unit
observed._read#call56.arg0	observed._read.call56.frozenset#arg0	UNRESOLVED
observed._read#call56.invoke	observed._read.call56.frozenset#invoke	Unit
observed._read#call6.arg0	observed._read.call6.ev.get#arg0	str
observed._read#call6.invoke	observed._read.call6.ev.get#invoke	Unit
observed._read#call7.arg0	observed._read.call7.ev.get#arg0	str
observed._read#call7.invoke	observed._read.call7.ev.get#invoke	Unit
observed._read#call8.arg0	observed._read.call8.isinstance#arg0	UNRESOLVED
observed._read#call8.arg1	observed._read.call8.isinstance#arg1	UNRESOLVED
observed._read#call8.invoke	observed._read.call8.isinstance#invoke	Unit
observed._read#call9.arg0	observed._read.call9.'\n'.join#arg0	UNRESOLVED
observed._read#call9.invoke	observed._read.call9.'\n'.join#invoke	Unit
observed._read#return	observed.record#call7.result	Obs
observed._read.call0.str#return	observed._read#call0.result	UNRESOLVED
observed._read.call1.ev.get#return	observed._read#call1.result	UNRESOLVED
observed._read.call12.ev.get#return	observed._read#call12.result	UNRESOLVED
observed._read.call14.ev.get#return	observed._read#call14.result	UNRESOLVED
observed._read.call15.bool#return	observed._read#call15.result	UNRESOLVED
observed._read.call16.trd.get#return	observed._read#call16.result	UNRESOLVED
observed._read.call17.trd.get#return	observed._read#call17.result	UNRESOLVED
observed._read.call18.trd.get#return	observed._read#call18.result	UNRESOLVED
observed._read.call19.bool#return	observed._read#call19.result	UNRESOLVED
observed._read.call2.isinstance#return	observed._read#call2.result	UNRESOLVED
observed._read.call20._DENIAL_RX.search#return	observed._read#call20.result	UNRESOLVED
observed._read.call22.set#return	observed._read#call22.result	UNRESOLVED
observed._read.call23.set#return	observed._read#call23.result	UNRESOLVED
observed._read.call24.ti.get#return	observed._read#call24.result	UNRESOLVED
observed._read.call25.isinstance#return	observed._read#call25.result	UNRESOLVED
observed._read.call28.ti.get#return	observed._read#call28.result	UNRESOLVED
observed._read.call29.ti.get#return	observed._read#call29.result	UNRESOLVED
observed._read.call3.ev.get#return	observed._read#call3.result	UNRESOLVED
observed._read.call30.trd.get#return	observed._read#call30.result	UNRESOLVED
observed._read.call31.set#return	observed._read#call31.result	UNRESOLVED
observed._read.call32.set#return	observed._read#call32.result	UNRESOLVED
observed._read.call34.ti.get#return	observed._read#call34.result	UNRESOLVED
observed._read.call35.trd.get#return	observed._read#call35.result	UNRESOLVED
observed._read.call36.output.strip#return	observed._read#call36.result	UNRESOLVED
observed._read.call37.output.strip#return	observed._read#call37.result	UNRESOLVED
observed._read.call38.trd.get#return	observed._read#call38.result	UNRESOLVED
observed._read.call39.str#return	observed._read#call39.result	UNRESOLVED
observed._read.call4.ev.get#return	observed._read#call4.result	UNRESOLVED
observed._read.call40.ti.get#return	observed._read#call40.result	UNRESOLVED
observed._read.call41.bool#return	observed._read#call41.result	UNRESOLVED
observed._read.call42.objects.update#return	observed._read#call42.result	UNRESOLVED
observed._read.call44.str#return	observed._read#call44.result	UNRESOLVED
observed._read.call45.isinstance#return	observed._read#call45.result	UNRESOLVED
observed._read.call47.objects.discard#return	observed._read#call47.result	UNRESOLVED
observed._read.call48.tool.endswith#return	observed._read#call48.result	UNRESOLVED
observed._read.call49.'\n'.join#return	observed._read#call49.result	UNRESOLVED
observed._read.call5.str#return	observed._read#call5.result	UNRESOLVED
observed._read.call50.isinstance#return	observed._read#call50.result	UNRESOLVED
observed._read.call51.ti.get#return	observed._read#call51.result	UNRESOLVED
observed._read.call52.Obs#return	observed._read#call52.result	UNRESOLVED
observed._read.call53.dict#return	observed._read#call53.result	UNRESOLVED
observed._read.call54.frozenset#return	observed._read#call54.result	UNRESOLVED
observed._read.call55.frozenset#return	observed._read#call55.result	UNRESOLVED
observed._read.call56.frozenset#return	observed._read#call56.result	UNRESOLVED
observed._read.call6.ev.get#return	observed._read#call6.result	UNRESOLVED
observed._read.call7.ev.get#return	observed._read#call7.result	UNRESOLVED
observed._read.call8.isinstance#return	observed._read#call8.result	UNRESOLVED
observed._read.call9.'\n'.join#return	observed._read#call9.result	UNRESOLVED
observed._s_find#call0.arg0	observed._s_find.call0.next#arg0	UNRESOLVED
observed._s_find#call0.arg1	observed._s_find.call0.next#arg1	str
observed._s_find#call0.invoke	observed._s_find.call0.next#invoke	Unit
observed._s_find#call1.arg0	observed._s_find.call1.enumerate#arg0	UNRESOLVED
observed._s_find#call1.invoke	observed._s_find.call1.enumerate#invoke	Unit
observed._s_find.call0.next#return	observed._s_find#call0.result	UNRESOLVED
observed._s_find.call1.enumerate#return	observed._s_find#call1.result	UNRESOLVED
observed._s_grep#call0.arg0	observed._s_grep.call0.len#arg0	UNRESOLVED
observed._s_grep#call0.invoke	observed._s_grep.call0.len#invoke	Unit
observed._s_grep.call0.len#return	observed._s_grep#call0.result	UNRESOLVED
observed._search_of#call0.arg0	observed._search_of.call0._ENV_CUT_RX.search#arg0	UNRESOLVED
observed._search_of#call0.invoke	observed._search_of.call0._ENV_CUT_RX.search#invoke	Unit
observed._search_of#call1.invoke	observed._search_of.call1.output.strip#invoke	Unit
observed._search_of#call10.arg0	observed._search_of.call10.ln.endswith#arg0	str
observed._search_of#call10.invoke	observed._search_of.call10.ln.endswith#invoke	Unit
observed._search_of#call11.arg0	observed._norm#token	UNRESOLVED
observed._search_of#call11.arg1	observed._norm#cwd	str
observed._search_of#call11.invoke	observed._norm#invoke	Unit
observed._search_of#call12.arg0	observed._search_of.call12.posixpath.join#arg0	UNRESOLVED
observed._search_of#call12.arg1	observed._search_of.call12.posixpath.join#arg1	UNRESOLVED
observed._search_of#call12.invoke	observed._search_of.call12.posixpath.join#invoke	Unit
observed._search_of#call13.invoke	observed._search_of.call13.ln.split#invoke	Unit
observed._search_of#call14.arg0	observed._norm#token	UNRESOLVED
observed._search_of#call14.arg1	observed._norm#cwd	UNRESOLVED
observed._search_of#call14.invoke	observed._norm#invoke	Unit
observed._search_of#call15.invoke	observed._search_of.call15.set#invoke	Unit
observed._search_of#call16.invoke	observed._search_of.call16.output.strip#invoke	Unit
observed._search_of#call2.invoke	observed._search_of.call2.set#invoke	Unit
observed._search_of#call3.arg0	observed._search_of.call3._SEARCHES.get#arg0	UNRESOLVED
observed._search_of#call3.invoke	observed._search_of.call3._SEARCHES.get#invoke	Unit
observed._search_of#call4.invoke	observed._search_of.call4.set#invoke	Unit
observed._search_of#call5.arg0	observed._search_of.call5.reader#arg0	UNRESOLVED
observed._search_of#call5.arg1	observed._search_of.call5.reader#arg1	UNRESOLVED
observed._search_of#call5.invoke	observed._search_of.call5.reader#invoke	Unit
observed._search_of#call6.arg0	observed._norm#token	UNRESOLVED
observed._search_of#call6.arg1	observed._norm#cwd	UNRESOLVED
observed._search_of#call6.invoke	observed._norm#invoke	Unit
observed._search_of#call7.invoke	observed._search_of.call7.ln.strip#invoke	Unit
observed._search_of#call8.invoke	observed._search_of.call8.output.splitlines#invoke	Unit
observed._search_of#call9.arg0	observed._search_of.call9.ln.startswith#arg0	str
observed._search_of#call9.invoke	observed._search_of.call9.ln.startswith#invoke	Unit
observed._search_of#return	observed._bash_reading#call38.result	UNRESOLVED
observed._search_of.call0._ENV_CUT_RX.search#return	observed._search_of#call0.result	UNRESOLVED
observed._search_of.call1.output.strip#return	observed._search_of#call1.result	UNRESOLVED
observed._search_of.call10.ln.endswith#return	observed._search_of#call10.result	UNRESOLVED
observed._search_of.call12.posixpath.join#return	observed._search_of#call12.result	UNRESOLVED
observed._search_of.call13.ln.split#return	observed._search_of#call13.result	UNRESOLVED
observed._search_of.call15.set#return	observed._search_of#call15.result	UNRESOLVED
observed._search_of.call16.output.strip#return	observed._search_of#call16.result	UNRESOLVED
observed._search_of.call2.set#return	observed._search_of#call2.result	UNRESOLVED
observed._search_of.call3._SEARCHES.get#return	observed._search_of#call3.result	UNRESOLVED
observed._search_of.call4.set#return	observed._search_of#call4.result	UNRESOLVED
observed._search_of.call5.reader#return	observed._search_of#call5.result	UNRESOLVED
observed._search_of.call7.ln.strip#return	observed._search_of#call7.result	UNRESOLVED
observed._search_of.call8.output.splitlines#return	observed._search_of#call8.result	UNRESOLVED
observed._search_of.call9.ln.startswith#return	observed._search_of#call9.result	UNRESOLVED
observed._segments#call0.arg0	observed._segments.call0.shlex.shlex#arg0	UNRESOLVED
observed._segments#call0.invoke	observed._segments.call0.shlex.shlex#invoke	Unit
observed._segments#call0.kw.posix	observed._segments.call0.shlex.shlex#posix	bool
observed._segments#call0.kw.punctuation_chars	observed._segments.call0.shlex.shlex#punctuation_chars	str
observed._segments#call1.arg0	observed._segments.call1.list#arg0	UNRESOLVED
observed._segments#call1.invoke	observed._segments.call1.list#invoke	Unit
observed._segments#call10.arg0	observed._segments.call10.current.append#arg0	UNRESOLVED
observed._segments#call10.invoke	observed._segments.call10.current.append#invoke	Unit
observed._segments#call11.arg0	observed._segments.call11._CONTROL_RUN_RX.fullmatch#arg0	UNRESOLVED
observed._segments#call11.invoke	observed._segments.call11._CONTROL_RUN_RX.fullmatch#invoke	Unit
observed._segments#call12.arg0	observed._segments.call12.current.append#arg0	UNRESOLVED
observed._segments#call12.invoke	observed._segments.call12.current.append#invoke	Unit
observed._segments#call13.arg0	observed._segments.call13.close_segment#arg0	UNRESOLVED
observed._segments#call13.invoke	observed._segments.call13.close_segment#invoke	Unit
observed._segments#call14.arg0	observed._segments.call14.pending.pop#arg0	int
observed._segments#call14.invoke	observed._segments.call14.pending.pop#invoke	Unit
observed._segments#call15.arg0	observed._segments.call15.close_segment#arg0	str
observed._segments#call15.invoke	observed._segments.call15.close_segment#invoke	Unit
observed._segments#call16.arg0	observed._nested_command#effective	UNRESOLVED
observed._segments#call16.invoke	observed._nested_command#invoke	Unit
observed._segments#call17.arg0	observed._effective_argv#argv	UNRESOLVED
observed._segments#call17.invoke	observed._effective_argv#invoke	Unit
observed._segments#call18.arg0	observed._segments.call18.list#arg0	UNRESOLVED
observed._segments#call18.invoke	observed._segments.call18.list#invoke	Unit
observed._segments#call19.arg0	observed._segments#command	UNRESOLVED
observed._segments#call19.invoke	observed._segments#invoke	Unit
observed._segments#call2.arg0	observed._segments.call2.enumerate#arg0	UNRESOLVED
observed._segments#call2.invoke	observed._segments.call2.enumerate#invoke	Unit
observed._segments#call20.arg0	observed._segments.call20.expanded.extend#arg0	UNRESOLVED
observed._segments#call20.invoke	observed._segments.call20.expanded.extend#invoke	Unit
observed._segments#call21.arg0	observed._segments.call21.tuple#arg0	UNRESOLVED
observed._segments#call21.invoke	observed._segments.call21.tuple#invoke	Unit
observed._segments#call22.arg0	observed._segments.call22.expanded.append#arg0	UNRESOLVED
observed._segments#call22.invoke	observed._segments.call22.expanded.append#invoke	Unit
observed._segments#call23.arg0	observed._segments.call23.tuple#arg0	UNRESOLVED
observed._segments#call23.invoke	observed._segments.call23.tuple#invoke	Unit
observed._segments#call24.arg0	observed._segments.call24.tuple#arg0	UNRESOLVED
observed._segments#call24.invoke	observed._segments.call24.tuple#invoke	Unit
observed._segments#call25.invoke	observed._segments.call25.functools.lru_cache#invoke	Unit
observed._segments#call25.kw.maxsize	observed._segments.call25.functools.lru_cache#maxsize	int
observed._segments#call3.arg0	observed._segments.call3.len#arg0	UNRESOLVED
observed._segments#call3.invoke	observed._segments.call3.len#invoke	Unit
observed._segments#call4.arg0	observed._segments.call4.pending.pop#arg0	int
observed._segments#call4.invoke	observed._segments.call4.pending.pop#invoke	Unit
observed._segments#call5.arg0	observed._segments.call5.token.startswith#arg0	str
observed._segments#call5.invoke	observed._segments.call5.token.startswith#invoke	Unit
observed._segments#call6.arg0	observed._segments.call6.pending.append#arg0	UNRESOLVED
observed._segments#call6.invoke	observed._segments.call6.pending.append#invoke	Unit
observed._segments#call7.arg0	observed._segments.call7.current.append#arg0	UNRESOLVED
observed._segments#call7.invoke	observed._segments.call7.current.append#invoke	Unit
observed._segments#call8.arg0	observed._basename#word	UNRESOLVED
observed._segments#call8.invoke	observed._basename#invoke	Unit
observed._segments#call9.arg0	observed._effective_argv#argv	UNRESOLVED
observed._segments#call9.invoke	observed._effective_argv#invoke	Unit
observed._segments#return	observed._bash_reading#call4.result	UNRESOLVED
observed._segments#return	observed._segments#call19.result	UNRESOLVED
observed._segments.call0.shlex.shlex#return	observed._segments#call0.result	UNRESOLVED
observed._segments.call1.list#return	observed._segments#call1.result	UNRESOLVED
observed._segments.call10.current.append#return	observed._segments#call10.result	UNRESOLVED
observed._segments.call11._CONTROL_RUN_RX.fullmatch#return	observed._segments#call11.result	UNRESOLVED
observed._segments.call12.current.append#return	observed._segments#call12.result	UNRESOLVED
observed._segments.call13.close_segment#return	observed._segments#call13.result	UNRESOLVED
observed._segments.call14.pending.pop#return	observed._segments#call14.result	UNRESOLVED
observed._segments.call15.close_segment#return	observed._segments#call15.result	UNRESOLVED
observed._segments.call18.list#return	observed._segments#call18.result	UNRESOLVED
observed._segments.call2.enumerate#return	observed._segments#call2.result	UNRESOLVED
observed._segments.call20.expanded.extend#return	observed._segments#call20.result	UNRESOLVED
observed._segments.call21.tuple#return	observed._segments#call21.result	UNRESOLVED
observed._segments.call22.expanded.append#return	observed._segments#call22.result	UNRESOLVED
observed._segments.call23.tuple#return	observed._segments#call23.result	UNRESOLVED
observed._segments.call24.tuple#return	observed._segments#call24.result	UNRESOLVED
observed._segments.call25.functools.lru_cache#return	observed._segments#call25.result	UNRESOLVED
observed._segments.call3.len#return	observed._segments#call3.result	UNRESOLVED
observed._segments.call4.pending.pop#return	observed._segments#call4.result	UNRESOLVED
observed._segments.call5.token.startswith#return	observed._segments#call5.result	UNRESOLVED
observed._segments.call6.pending.append#return	observed._segments#call6.result	UNRESOLVED
observed._segments.call7.current.append#return	observed._segments#call7.result	UNRESOLVED
observed._segments.close_segment#call0.arg0	observed._normalize_segment_argv#argv	UNRESOLVED
observed._segments.close_segment#call0.invoke	observed._normalize_segment_argv#invoke	Unit
observed._segments.close_segment#call1.arg0	observed._segments.close_segment.call1.segments.append#arg0	UNRESOLVED
observed._segments.close_segment#call1.invoke	observed._segments.close_segment.call1.segments.append#invoke	Unit
observed._segments.close_segment#call2.invoke	observed._segments.close_segment.call2.current.clear#invoke	Unit
observed._segments.close_segment.call1.segments.append#return	observed._segments.close_segment#call1.result	UNRESOLVED
observed._segments.close_segment.call2.current.clear#return	observed._segments.close_segment#call2.result	UNRESOLVED
observed._text_objects#call0.arg0	observed._text_objects.call0.str#arg0	UNRESOLVED
observed._text_objects#call0.invoke	observed._text_objects.call0.str#invoke	Unit
observed._text_objects#call1.arg0	observed._text_objects.call1.m.group#arg0	int
observed._text_objects#call1.invoke	observed._text_objects.call1.m.group#invoke	Unit
observed._text_objects#call10.arg0	observed._text_objects.call10.m.group#arg0	int
observed._text_objects#call10.invoke	observed._text_objects.call10.m.group#invoke	Unit
observed._text_objects#call11.arg0	observed._text_objects.call11._COUNT_RX.finditer#arg0	UNRESOLVED
observed._text_objects#call11.invoke	observed._text_objects.call11._COUNT_RX.finditer#invoke	Unit
observed._text_objects#call12.arg0	observed._text_objects.call12.out.update#arg0	UNRESOLVED
observed._text_objects#call12.invoke	observed._text_objects.call12.out.update#invoke	Unit
observed._text_objects#call13.arg0	observed._text_objects.call13.m.group#arg0	int
observed._text_objects#call13.invoke	observed._text_objects.call13.m.group#invoke	Unit
observed._text_objects#call14.invoke	observed._text_objects.call14.m.group(1).lower#invoke	Unit
observed._text_objects#call15.arg0	observed._text_objects.call15.m.group#arg0	int
observed._text_objects#call15.invoke	observed._text_objects.call15.m.group#invoke	Unit
observed._text_objects#call16.arg0	observed._text_objects.call16._PASSED_N_RX.finditer#arg0	UNRESOLVED
observed._text_objects#call16.invoke	observed._text_objects.call16._PASSED_N_RX.finditer#invoke	Unit
observed._text_objects#call17.arg0	observed._text_objects.call17.out.update#arg0	UNRESOLVED
observed._text_objects#call17.invoke	observed._text_objects.call17.out.update#invoke	Unit
observed._text_objects#call18.arg0	observed._norm#token	UNRESOLVED
observed._text_objects#call18.arg1	observed._norm#cwd	str
observed._text_objects#call18.invoke	observed._norm#invoke	Unit
observed._text_objects#call19.arg0	observed._text_objects.call19.m.group#arg0	int
observed._text_objects#call19.invoke	observed._text_objects.call19.m.group#invoke	Unit
observed._text_objects#call2.arg0	observed._text_objects.call2._URL_RX.finditer#arg0	str
observed._text_objects#call2.invoke	observed._text_objects.call2._URL_RX.finditer#invoke	Unit
observed._text_objects#call20.arg0	observed._text_objects.call20._PATH_RX.finditer#arg0	UNRESOLVED
observed._text_objects#call20.invoke	observed._text_objects.call20._PATH_RX.finditer#invoke	Unit
observed._text_objects#call21.arg0	observed._text_objects.call21._RATIO_RX.sub#arg0	str
observed._text_objects#call21.arg1	observed._text_objects.call21._RATIO_RX.sub#arg1	UNRESOLVED
observed._text_objects#call21.invoke	observed._text_objects.call21._RATIO_RX.sub#invoke	Unit
observed._text_objects#call22.arg0	observed._text_objects.call22.out.discard#arg0	str
observed._text_objects#call22.invoke	observed._text_objects.call22.out.discard#invoke	Unit
observed._text_objects#call3.arg0	observed._text_objects.call3._URL_RX.sub#arg0	str
observed._text_objects#call3.arg1	observed._text_objects.call3._URL_RX.sub#arg1	str
observed._text_objects#call3.invoke	observed._text_objects.call3._URL_RX.sub#invoke	Unit
observed._text_objects#call4.arg0	observed._text_objects.call4.out.update#arg0	UNRESOLVED
observed._text_objects#call4.invoke	observed._text_objects.call4.out.update#invoke	Unit
observed._text_objects#call5.arg0	observed._text_objects.call5.m.group#arg0	int
observed._text_objects#call5.invoke	observed._text_objects.call5.m.group#invoke	Unit
observed._text_objects#call6.arg0	observed._text_objects.call6._RATIO_RX.finditer#arg0	UNRESOLVED
observed._text_objects#call6.invoke	observed._text_objects.call6._RATIO_RX.finditer#invoke	Unit
observed._text_objects#call7.arg0	observed._text_objects.call7.out.update#arg0	UNRESOLVED
observed._text_objects#call7.invoke	observed._text_objects.call7.out.update#invoke	Unit
observed._text_objects#call8.arg0	observed._text_objects.call8.m.group#arg0	int
observed._text_objects#call8.invoke	observed._text_objects.call8.m.group#invoke	Unit
observed._text_objects#call9.invoke	observed._text_objects.call9.m.group(2).lower#invoke	Unit
observed._text_objects#return	observed._bash_reading#call29.result	UNRESOLVED
observed._text_objects#return	observed._bash_reading#call41.result	UNRESOLVED
observed._text_objects#return	observed._read#call46.result	UNRESOLVED
observed._text_objects#return	observed._value_objects#call10.result	UNRESOLVED
observed._text_objects.call0.str#return	observed._text_objects#call0.result	UNRESOLVED
observed._text_objects.call1.m.group#return	observed._text_objects#call1.result	UNRESOLVED
observed._text_objects.call10.m.group#return	observed._text_objects#call10.result	UNRESOLVED
observed._text_objects.call11._COUNT_RX.finditer#return	observed._text_objects#call11.result	UNRESOLVED
observed._text_objects.call12.out.update#return	observed._text_objects#call12.result	UNRESOLVED
observed._text_objects.call13.m.group#return	observed._text_objects#call13.result	UNRESOLVED
observed._text_objects.call14.m.group(1).lower#return	observed._text_objects#call14.result	UNRESOLVED
observed._text_objects.call15.m.group#return	observed._text_objects#call15.result	UNRESOLVED
observed._text_objects.call16._PASSED_N_RX.finditer#return	observed._text_objects#call16.result	UNRESOLVED
observed._text_objects.call17.out.update#return	observed._text_objects#call17.result	UNRESOLVED
observed._text_objects.call19.m.group#return	observed._text_objects#call19.result	UNRESOLVED
observed._text_objects.call2._URL_RX.finditer#return	observed._text_objects#call2.result	UNRESOLVED
observed._text_objects.call20._PATH_RX.finditer#return	observed._text_objects#call20.result	UNRESOLVED
observed._text_objects.call21._RATIO_RX.sub#return	observed._text_objects#call21.result	UNRESOLVED
observed._text_objects.call22.out.discard#return	observed._text_objects#call22.result	UNRESOLVED
observed._text_objects.call3._URL_RX.sub#return	observed._text_objects#call3.result	UNRESOLVED
observed._text_objects.call4.out.update#return	observed._text_objects#call4.result	UNRESOLVED
observed._text_objects.call5.m.group#return	observed._text_objects#call5.result	UNRESOLVED
observed._text_objects.call6._RATIO_RX.finditer#return	observed._text_objects#call6.result	UNRESOLVED
observed._text_objects.call7.out.update#return	observed._text_objects#call7.result	UNRESOLVED
observed._text_objects.call8.m.group#return	observed._text_objects#call8.result	UNRESOLVED
observed._text_objects.call9.m.group(2).lower#return	observed._text_objects#call9.result	UNRESOLVED
observed._user_entries#call0.arg0	observed._user_entries.call0.isinstance#arg0	UNRESOLVED
observed._user_entries#call0.arg1	observed._user_entries.call0.isinstance#arg1	UNRESOLVED
observed._user_entries#call0.invoke	observed._user_entries.call0.isinstance#invoke	Unit
observed._user_entries#call1.arg0	observed._user_entries.call1.json.loads#arg0	UNRESOLVED
observed._user_entries#call1.invoke	observed._user_entries.call1.json.loads#invoke	Unit
observed._user_entries#call10.arg0	observed._user_entries#value	UNRESOLVED
observed._user_entries#call10.invoke	observed._user_entries#invoke	Unit
observed._user_entries#call2.arg0	observed._user_entries.call2.isinstance#arg0	UNRESOLVED
observed._user_entries#call2.arg1	observed._user_entries.call2.isinstance#arg1	UNRESOLVED
observed._user_entries#call2.invoke	observed._user_entries.call2.isinstance#invoke	Unit
observed._user_entries#call3.arg0	observed._user_entries#value	UNRESOLVED
observed._user_entries#call3.invoke	observed._user_entries#invoke	Unit
observed._user_entries#call4.arg0	observed._user_entries.call4.isinstance#arg0	UNRESOLVED
observed._user_entries#call4.arg1	observed._user_entries.call4.isinstance#arg1	UNRESOLVED
observed._user_entries#call4.invoke	observed._user_entries.call4.isinstance#invoke	Unit
observed._user_entries#call5.arg0	observed._user_entries.call5.value.get#arg0	str
observed._user_entries#call5.invoke	observed._user_entries.call5.value.get#invoke	Unit
observed._user_entries#call6.arg0	observed._user_entries.call6.next#arg0	UNRESOLVED
observed._user_entries#call6.arg1	observed._user_entries.call6.next#arg1	str
observed._user_entries#call6.invoke	observed._user_entries.call6.next#invoke	Unit
observed._user_entries#call7.arg0	observed._user_entries.call7.isinstance#arg0	UNRESOLVED
observed._user_entries#call7.arg1	observed._user_entries.call7.isinstance#arg1	UNRESOLVED
observed._user_entries#call7.invoke	observed._user_entries.call7.isinstance#invoke	Unit
observed._user_entries#call8.arg0	observed._user_entries.call8.value.get#arg0	UNRESOLVED
observed._user_entries#call8.invoke	observed._user_entries.call8.value.get#invoke	Unit
observed._user_entries#call9.arg0	observed._user_entries.call9.sorted#arg0	UNRESOLVED
observed._user_entries#call9.invoke	observed._user_entries.call9.sorted#invoke	Unit
observed._user_entries#return	observed._user_entries#call10.result	UNRESOLVED
observed._user_entries#return	observed._user_entries#call3.result	UNRESOLVED
observed._user_entries#return	observed.record#call12.result	UNRESOLVED
observed._user_entries.call0.isinstance#return	observed._user_entries#call0.result	UNRESOLVED
observed._user_entries.call1.json.loads#return	observed._user_entries#call1.result	UNRESOLVED
observed._user_entries.call2.isinstance#return	observed._user_entries#call2.result	UNRESOLVED
observed._user_entries.call4.isinstance#return	observed._user_entries#call4.result	UNRESOLVED
observed._user_entries.call5.value.get#return	observed._user_entries#call5.result	UNRESOLVED
observed._user_entries.call6.next#return	observed._user_entries#call6.result	UNRESOLVED
observed._user_entries.call7.isinstance#return	observed._user_entries#call7.result	UNRESOLVED
observed._user_entries.call8.value.get#return	observed._user_entries#call8.result	UNRESOLVED
observed._user_entries.call9.sorted#return	observed._user_entries#call9.result	UNRESOLVED
observed._value_objects#call0.arg0	observed._value_objects.call0.isinstance#arg0	UNRESOLVED
observed._value_objects#call0.arg1	observed._value_objects.call0.isinstance#arg1	UNRESOLVED
observed._value_objects#call0.invoke	observed._value_objects.call0.isinstance#invoke	Unit
observed._value_objects#call1.arg0	observed._input_objects#ti	UNRESOLVED
observed._value_objects#call1.arg1	observed._input_objects#cwd	str
observed._value_objects#call1.invoke	observed._input_objects#invoke	Unit
observed._value_objects#call10.arg0	observed._text_objects#text	UNRESOLVED
observed._value_objects#call10.arg1	observed._text_objects#cwd	str
observed._value_objects#call10.invoke	observed._text_objects#invoke	Unit
observed._value_objects#call2.arg0	observed._value_objects.call2.isinstance#arg0	UNRESOLVED
observed._value_objects#call2.arg1	observed._value_objects.call2.isinstance#arg1	UNRESOLVED
observed._value_objects#call2.invoke	observed._value_objects.call2.isinstance#invoke	Unit
observed._value_objects#call3.arg0	observed._value_objects.call3.set().union#arg0	UNRESOLVED
observed._value_objects#call3.invoke	observed._value_objects.call3.set().union#invoke	Unit
observed._value_objects#call4.invoke	observed._value_objects.call4.set#invoke	Unit
observed._value_objects#call5.arg0	observed._value_objects#key	str
observed._value_objects#call5.arg1	observed._value_objects#value	UNRESOLVED
observed._value_objects#call5.arg2	observed._value_objects#cwd	str
observed._value_objects#call5.invoke	observed._value_objects#invoke	Unit
observed._value_objects#call6.invoke	observed._value_objects.call6.set#invoke	Unit
observed._value_objects#call7.arg0	observed._value_objects.call7.isinstance#arg0	UNRESOLVED
observed._value_objects#call7.arg1	observed._value_objects.call7.isinstance#arg1	UNRESOLVED
observed._value_objects#call7.invoke	observed._value_objects.call7.isinstance#invoke	Unit
observed._value_objects#call8.invoke	observed._value_objects.call8.set#invoke	Unit
observed._value_objects#call9.arg0	observed._norm#token	UNRESOLVED
observed._value_objects#call9.arg1	observed._norm#cwd	str
observed._value_objects#call9.invoke	observed._norm#invoke	Unit
observed._value_objects#return	observed._input_objects#call2.result	UNRESOLVED
observed._value_objects#return	observed._value_objects#call5.result	UNRESOLVED
observed._value_objects.call0.isinstance#return	observed._value_objects#call0.result	UNRESOLVED
observed._value_objects.call2.isinstance#return	observed._value_objects#call2.result	UNRESOLVED
observed._value_objects.call3.set().union#return	observed._value_objects#call3.result	UNRESOLVED
observed._value_objects.call4.set#return	observed._value_objects#call4.result	UNRESOLVED
observed._value_objects.call6.set#return	observed._value_objects#call6.result	UNRESOLVED
observed._value_objects.call7.isinstance#return	observed._value_objects#call7.result	UNRESOLVED
observed._value_objects.call8.set#return	observed._value_objects#call8.result	UNRESOLVED
observed._w_copy#call0.arg0	observed._w_copy.call0.len#arg0	UNRESOLVED
observed._w_copy#call0.invoke	observed._w_copy.call0.len#invoke	Unit
observed._w_copy.call0.len#return	observed._w_copy#call0.result	UNRESOLVED
observed._w_inplace#call0.arg0	observed._w_inplace.call0.any#arg0	UNRESOLVED
observed._w_inplace#call0.invoke	observed._w_inplace.call0.any#invoke	Unit
observed._w_inplace#call1.arg0	observed._w_inplace.call1.w.startswith#arg0	UNRESOLVED
observed._w_inplace#call1.invoke	observed._w_inplace.call1.w.startswith#invoke	Unit
observed._w_inplace.call0.any#return	observed._w_inplace#call0.result	UNRESOLVED
observed._w_inplace.call1.w.startswith#return	observed._w_inplace#call1.result	UNRESOLVED
observed.act_kinds#call0.arg0	observed.act_kinds.call0.event.get#arg0	str
observed.act_kinds#call0.invoke	observed.act_kinds.call0.event.get#invoke	Unit
observed.act_kinds#call1.arg0	observed.act_kinds.call1.frozenset#arg0	UNRESOLVED
observed.act_kinds#call1.invoke	observed.act_kinds.call1.frozenset#invoke	Unit
observed.act_kinds#call10.arg0	observed.act_kinds.call10.kinds.add#arg0	str
observed.act_kinds#call10.invoke	observed.act_kinds.call10.kinds.add#invoke	Unit
observed.act_kinds#call11.arg0	observed.act_kinds.call11.tool.endswith#arg0	UNRESOLVED
observed.act_kinds#call11.invoke	observed.act_kinds.call11.tool.endswith#invoke	Unit
observed.act_kinds#call12.arg0	observed.act_kinds.call12.kinds.add#arg0	str
observed.act_kinds#call12.invoke	observed.act_kinds.call12.kinds.add#invoke	Unit
observed.act_kinds#call13.arg0	observed.act_kinds.call13.kinds.add#arg0	str
observed.act_kinds#call13.invoke	observed.act_kinds.call13.kinds.add#invoke	Unit
observed.act_kinds#call14.arg0	observed.act_kinds.call14.kinds.add#arg0	str
observed.act_kinds#call14.invoke	observed.act_kinds.call14.kinds.add#invoke	Unit
observed.act_kinds#call15.arg0	observed.act_kinds.call15.frozenset#arg0	UNRESOLVED
observed.act_kinds#call15.invoke	observed.act_kinds.call15.frozenset#invoke	Unit
observed.act_kinds#call2.arg0	observed.act_kinds.call2.str#arg0	UNRESOLVED
observed.act_kinds#call2.invoke	observed.act_kinds.call2.str#invoke	Unit
observed.act_kinds#call3.arg0	observed.act_kinds.call3.event.get#arg0	str
observed.act_kinds#call3.invoke	observed.act_kinds.call3.event.get#invoke	Unit
observed.act_kinds#call4.invoke	observed.act_kinds.call4.set#invoke	Unit
observed.act_kinds#call5.arg0	observed.act_kinds.call5.tool.endswith#arg0	UNRESOLVED
observed.act_kinds#call5.invoke	observed.act_kinds.call5.tool.endswith#invoke	Unit
observed.act_kinds#call6.arg0	observed.act_kinds.call6.kinds.add#arg0	str
observed.act_kinds#call6.invoke	observed.act_kinds.call6.kinds.add#invoke	Unit
observed.act_kinds#call7.arg0	observed.act_kinds.call7.tool.endswith#arg0	UNRESOLVED
observed.act_kinds#call7.invoke	observed.act_kinds.call7.tool.endswith#invoke	Unit
observed.act_kinds#call8.arg0	observed.act_kinds.call8.kinds.add#arg0	str
observed.act_kinds#call8.invoke	observed.act_kinds.call8.kinds.add#invoke	Unit
observed.act_kinds#call9.arg0	observed.act_kinds.call9.tool.endswith#arg0	UNRESOLVED
observed.act_kinds#call9.invoke	observed.act_kinds.call9.tool.endswith#invoke	Unit
observed.act_kinds.call0.event.get#return	observed.act_kinds#call0.result	UNRESOLVED
observed.act_kinds.call1.frozenset#return	observed.act_kinds#call1.result	UNRESOLVED
observed.act_kinds.call10.kinds.add#return	observed.act_kinds#call10.result	UNRESOLVED
observed.act_kinds.call11.tool.endswith#return	observed.act_kinds#call11.result	UNRESOLVED
observed.act_kinds.call12.kinds.add#return	observed.act_kinds#call12.result	UNRESOLVED
observed.act_kinds.call13.kinds.add#return	observed.act_kinds#call13.result	UNRESOLVED
observed.act_kinds.call14.kinds.add#return	observed.act_kinds#call14.result	UNRESOLVED
observed.act_kinds.call15.frozenset#return	observed.act_kinds#call15.result	UNRESOLVED
observed.act_kinds.call2.str#return	observed.act_kinds#call2.result	UNRESOLVED
observed.act_kinds.call3.event.get#return	observed.act_kinds#call3.result	UNRESOLVED
observed.act_kinds.call4.set#return	observed.act_kinds#call4.result	UNRESOLVED
observed.act_kinds.call5.tool.endswith#return	observed.act_kinds#call5.result	UNRESOLVED
observed.act_kinds.call6.kinds.add#return	observed.act_kinds#call6.result	UNRESOLVED
observed.act_kinds.call7.tool.endswith#return	observed.act_kinds#call7.result	UNRESOLVED
observed.act_kinds.call8.kinds.add#return	observed.act_kinds#call8.result	UNRESOLVED
observed.act_kinds.call9.tool.endswith#return	observed.act_kinds#call9.result	UNRESOLVED
observed.record#call0.invoke	observed.record.call0.set#invoke	Unit
observed.record#call1.arg0	observed.record.call1.enumerate#arg0	UNRESOLVED
observed.record#call1.invoke	observed.record.call1.enumerate#invoke	Unit
observed.record#call10.arg0	observed._executed#o	UNRESOLVED
observed.record#call10.invoke	observed._executed#invoke	Unit
observed.record#call11.arg0	observed.record.call11.users.extend#arg0	UNRESOLVED
observed.record#call11.invoke	observed.record.call11.users.extend#invoke	Unit
observed.record#call12.arg0	observed._user_entries#value	UNRESOLVED
observed.record#call12.invoke	observed._user_entries#invoke	Unit
observed.record#call13.arg0	observed.record.call13.ev.get#arg0	str
observed.record#call13.invoke	observed.record.call13.ev.get#invoke	Unit
observed.record#call14.arg0	observed.record.call14.Record#arg0	UNRESOLVED
observed.record#call14.invoke	observed.record.call14.Record#invoke	Unit
observed.record#call15.arg0	observed.record.call15.next#arg0	UNRESOLVED
observed.record#call15.arg1	observed.record.call15.next#arg1	UNRESOLVED
observed.record#call15.invoke	observed.record.call15.next#invoke	Unit
observed.record#call2.arg0	observed.record.call2.isinstance#arg0	UNRESOLVED
observed.record#call2.arg1	observed.record.call2.isinstance#arg1	UNRESOLVED
observed.record#call2.invoke	observed.record.call2.isinstance#invoke	Unit
observed.record#call3.arg0	observed.record.call3.ev.get#arg0	str
observed.record#call3.invoke	observed.record.call3.ev.get#invoke	Unit
observed.record#call4.arg0	observed.record.call4.ev.get#arg0	str
observed.record#call4.invoke	observed.record.call4.ev.get#invoke	Unit
observed.record#call5.arg0	observed.record.call5.users.extend#arg0	UNRESOLVED
observed.record#call5.invoke	observed.record.call5.users.extend#invoke	Unit
observed.record#call6.arg0	observed.record.call6.isinstance#arg0	UNRESOLVED
observed.record#call6.arg1	observed.record.call6.isinstance#arg1	UNRESOLVED
observed.record#call6.invoke	observed.record.call6.isinstance#invoke	Unit
observed.record#call7.arg0	observed._read#ev	UNRESOLVED
observed.record#call7.arg1	observed._read#seq	UNRESOLVED
observed.record#call7.arg2	observed._read#seen	UNRESOLVED
observed.record#call7.invoke	observed._read#invoke	Unit
observed.record#call8.arg0	observed.record.call8.obs.append#arg0	UNRESOLVED
observed.record#call8.invoke	observed.record.call8.obs.append#invoke	Unit
observed.record#call9.arg0	observed.record.call9.o.tool.endswith#arg0	UNRESOLVED
observed.record#call9.invoke	observed.record.call9.o.tool.endswith#invoke	Unit
observed.record.call0.set#return	observed.record#call0.result	UNRESOLVED
observed.record.call1.enumerate#return	observed.record#call1.result	UNRESOLVED
observed.record.call11.users.extend#return	observed.record#call11.result	UNRESOLVED
observed.record.call13.ev.get#return	observed.record#call13.result	UNRESOLVED
observed.record.call14.Record#return	observed.record#call14.result	UNRESOLVED
observed.record.call15.next#return	observed.record#call15.result	UNRESOLVED
observed.record.call2.isinstance#return	observed.record#call2.result	UNRESOLVED
observed.record.call3.ev.get#return	observed.record#call3.result	UNRESOLVED
observed.record.call4.ev.get#return	observed.record#call4.result	UNRESOLVED
observed.record.call5.users.extend#return	observed.record#call5.result	UNRESOLVED
observed.record.call6.isinstance#return	observed.record#call6.result	UNRESOLVED
observed.record.call8.obs.append#return	observed.record#call8.result	UNRESOLVED
observed.record.call9.o.tool.endswith#return	observed.record#call9.result	UNRESOLVED
observed.text_of#call0.arg0	observed.text_of.call0.event.get#arg0	str
observed.text_of#call0.invoke	observed.text_of.call0.event.get#invoke	Unit
observed.text_of#call1.arg0	observed.text_of.call1.str#arg0	UNRESOLVED
observed.text_of#call1.invoke	observed.text_of.call1.str#invoke	Unit
observed.text_of#call2.arg0	observed.text_of.call2.event.get#arg0	str
observed.text_of#call2.invoke	observed.text_of.call2.event.get#invoke	Unit
observed.text_of#call3.arg0	observed.text_of.call3.event.get#arg0	str
observed.text_of#call3.invoke	observed.text_of.call3.event.get#invoke	Unit
observed.text_of#call4.arg0	observed.text_of.call4.isinstance#arg0	UNRESOLVED
observed.text_of#call4.arg1	observed.text_of.call4.isinstance#arg1	UNRESOLVED
observed.text_of#call4.invoke	observed.text_of.call4.isinstance#invoke	Unit
observed.text_of#call5.arg0	observed.text_of.call5.'\n'.join#arg0	UNRESOLVED
observed.text_of#call5.invoke	observed.text_of.call5.'\n'.join#invoke	Unit
observed.text_of#call6.arg0	observed.text_of.call6.isinstance#arg0	UNRESOLVED
observed.text_of#call6.arg1	observed.text_of.call6.isinstance#arg1	UNRESOLVED
observed.text_of#call6.invoke	observed.text_of.call6.isinstance#invoke	Unit
observed.text_of#call7.arg0	observed.text_of.call7.ti.get#arg0	UNRESOLVED
observed.text_of#call7.invoke	observed.text_of.call7.ti.get#invoke	Unit
observed.text_of.call0.event.get#return	observed.text_of#call0.result	UNRESOLVED
observed.text_of.call1.str#return	observed.text_of#call1.result	UNRESOLVED
observed.text_of.call2.event.get#return	observed.text_of#call2.result	UNRESOLVED
observed.text_of.call3.event.get#return	observed.text_of#call3.result	UNRESOLVED
observed.text_of.call4.isinstance#return	observed.text_of#call4.result	UNRESOLVED
observed.text_of.call5.'\n'.join#return	observed.text_of#call5.result	UNRESOLVED
observed.text_of.call6.isinstance#return	observed.text_of#call6.result	UNRESOLVED
observed.text_of.call7.ti.get#return	observed.text_of#call7.result	UNRESOLVED
shell.entry#invoke	__main__.<module>#start	Unit
shell.entry#stdout	PROGRAM_OUTPUT#stdout	UNRESOLVED
